,Date,Open,High,Low,Close,Adj Close,Volume
0,2015-11-24,2.98,2.98,2.82,2.87,2.87,1651266.0
1,2015-11-25,2.85,2.96,2.84,2.92,2.92,880402.0
2,2015-11-26,2.92,2.98,2.72,2.79,2.79,2598300.0
3,2015-11-27,2.78,2.8,2.74,2.78,2.78,647501.0
4,2015-11-30,2.78,2.79,2.74,2.78,2.78,256701.0
5,2015-12-01,2.78,2.8,2.74,2.78,2.78,350000.0
6,2015-12-02,2.78,2.87,2.76,2.82,2.82,458400.0
7,2015-12-03,2.8,2.83,2.78,2.83,2.83,171502.0
8,2015-12-04,2.83,2.86,2.79,2.82,2.82,109901.0
9,2015-12-07,2.84,2.85,2.76,2.79,2.79,236407.0
10,2015-12-08,2.77,2.77,2.7,2.73,2.73,546000.0
11,2015-12-09,2.73,2.75,2.69,2.74,2.74,463802.0
12,2015-12-10,2.75,2.78,2.74,2.76,2.76,201101.0
13,2015-12-11,2.75,2.77,2.74,2.75,2.75,156600.0
14,2015-12-14,2.74,2.74,2.71,2.73,2.73,294312.0
15,2015-12-15,2.72,2.74,2.6,2.7,2.7,939100.0
16,2015-12-16,2.7,2.7,2.65,2.69,2.69,394200.0
17,2015-12-17,2.69,2.72,2.68,2.71,2.71,523705.0
18,2015-12-18,2.68,2.7,2.66,2.68,2.68,205200.0
19,2015-12-21,2.68,2.69,2.65,2.67,2.67,191438.0
20,2015-12-22,2.65,2.68,2.65,2.66,2.66,108000.0
21,2015-12-23,2.68,2.69,2.65,2.68,2.68,147600.0
22,2015-12-24,2.69,2.79,2.66,2.76,2.76,1293450.0
23,2015-12-25,2.77,2.77,2.7,2.71,2.71,546600.0
24,2015-12-28,2.7,2.71,2.65,2.69,2.69,368500.0
25,2015-12-29,2.68,2.75,2.68,2.73,2.73,687000.0
26,2015-12-30,2.72,2.75,2.69,2.71,2.71,751200.0
27,2016-01-04,2.77,2.77,2.69,2.7,2.7,238734.0
28,2016-01-05,2.71,2.73,2.68,2.73,2.73,262406.0
29,2016-01-06,2.72,2.75,2.69,2.75,2.75,238400.0
30,2016-01-11,2.7,2.71,2.67,2.71,2.71,366801.0
31,2016-01-12,2.69,2.72,2.69,2.72,2.72,191602.0
32,2016-01-13,2.71,2.72,2.67,2.7,2.7,568813.0
33,2016-01-14,2.68,2.7,2.67,2.7,2.7,430570.0
34,2016-01-15,2.7,2.7,2.59,2.63,2.63,908800.0
35,2016-01-18,2.61,2.64,2.59,2.63,2.63,383200.0
36,2016-01-19,2.63,2.67,2.62,2.64,2.64,535900.0
37,2016-01-20,2.62,2.63,2.6,2.63,2.63,302100.0
38,2016-01-21,2.61,2.69,2.53,2.6,2.6,1792402.0
39,2016-01-22,2.61,2.63,2.59,2.62,2.62,360700.0
40,2016-01-25,2.62,2.63,2.58,2.62,2.62,252301.0
41,2016-01-26,2.6,2.63,2.56,2.59,2.59,432700.0
42,2016-01-27,2.58,2.65,2.58,2.6,2.6,627900.0
43,2016-01-28,2.63,2.95,2.62,2.73,2.73,3440200.0
44,2016-01-29,2.75,2.75,2.66,2.69,2.69,555000.0
45,2016-02-01,2.7,2.74,2.595,2.61,2.61,2493600.0
46,2016-02-02,2.61,2.62,2.59,2.595,2.595,390351.0
47,2016-02-03,2.585,2.605,2.585,2.585,2.585,337350.0
48,2016-02-04,2.61,2.735,2.585,2.605,2.605,2775300.0
49,2016-02-05,2.61,2.62,2.57,2.595,2.595,911000.0
50,2016-02-08,2.595,2.625,2.58,2.595,2.595,431800.0
51,2016-02-09,2.59,2.615,2.58,2.6,2.6,255400.0
52,2016-02-10,2.6,2.6,2.515,2.54,2.54,1360080.0
53,2016-02-11,2.545,2.545,2.51,2.525,2.525,616150.0
54,2016-02-12,2.52,2.585,2.52,2.585,2.585,407721.0
55,2016-02-15,2.6,2.6,2.55,2.595,2.595,855400.0
56,2016-02-16,2.585,2.595,2.545,2.59,2.59,170000.0
57,2016-02-17,2.575,2.58,2.565,2.58,2.58,236700.0
58,2016-02-18,2.59,2.59,2.535,2.56,2.56,838500.0
59,2016-02-19,2.565,2.575,2.545,2.56,2.56,156501.0
60,2016-02-22,2.55,2.56,2.525,2.56,2.56,161600.0
61,2016-02-24,2.535,2.6,2.495,2.495,2.495,2038100.0
62,2016-02-25,2.5,2.525,2.47,2.495,2.495,974000.0
63,2016-02-26,2.505,2.505,2.455,2.49,2.49,859300.0
64,2016-02-29,2.51,2.515,2.45,2.485,2.485,607000.0
65,2016-03-01,2.485,2.5,2.465,2.5,2.5,507500.0
66,2016-03-02,2.51,2.52,2.46,2.49,2.49,405700.0
67,2016-03-03,2.48,2.5,2.47,2.5,2.5,239700.0
68,2016-03-04,2.49,2.5,2.475,2.495,2.495,580620.0
69,2016-03-07,2.5,2.515,2.48,2.49,2.49,195000.0
70,2016-03-09,2.48,2.5,2.46,2.495,2.495,352900.0
71,2016-03-10,2.5,2.525,2.46,2.5,2.5,1487701.0
72,2016-03-11,2.5,2.6,2.485,2.535,2.535,3454700.0
73,2016-03-14,2.595,2.69,2.51,2.575,2.575,2032700.0
74,2016-03-15,2.605,2.695,2.575,2.635,2.635,1496900.0
75,2016-03-16,2.64,2.64,2.54,2.57,2.57,1253000.0
76,2016-03-17,2.57,2.57,2.49,2.505,2.505,1554400.0
77,2016-03-18,2.51,2.525,2.485,2.525,2.525,596620.0
78,2016-03-21,2.505,2.555,2.495,2.525,2.525,921200.0
79,2016-03-22,2.55,2.57,2.51,2.565,2.565,953104.0
80,2016-03-23,2.575,2.625,2.52,2.615,2.615,1433326.0
81,2016-03-24,2.615,2.65,2.58,2.615,2.615,1536310.0
82,2016-03-25,2.63,2.98,2.6,2.73,2.73,5683200.0
83,2016-03-28,2.73,2.83,2.655,2.73,2.73,1354188.0
84,2016-03-29,2.73,2.745,2.615,2.645,2.645,1608500.0
85,2016-03-30,2.635,2.73,2.6,2.7,2.7,1527800.0
86,2016-03-31,2.755,2.755,2.665,2.7,2.7,697800.0
87,2016-04-01,2.7,2.77,2.66,2.685,2.685,998200.0
88,2016-04-04,2.695,2.71,2.645,2.69,2.69,715500.0
89,2016-04-05,2.7,2.73,2.65,2.67,2.67,822000.0
90,2016-04-06,2.685,2.74,2.65,2.725,2.725,973810.0
91,2016-04-07,2.75,2.8,2.635,2.695,2.695,4367300.0
92,2016-04-08,2.71,2.75,2.665,2.71,2.71,3402400.0
93,2016-04-11,2.73,2.73,2.65,2.67,2.67,2039000.0
94,2016-04-12,2.655,2.7,2.655,2.69,2.69,898400.0
95,2016-04-13,2.67,2.705,2.65,2.675,2.675,695630.0
96,2016-04-14,2.69,2.695,2.665,2.68,2.68,714920.0
97,2016-04-15,2.69,2.695,2.61,2.69,2.69,875700.0
98,2016-04-18,2.685,2.685,2.635,2.67,2.67,504100.0
99,2016-04-19,2.65,2.675,2.565,2.62,2.62,1632500.0
100,2016-04-20,2.625,2.625,2.56,2.6,2.6,821600.0
101,2016-04-21,2.58,2.64,2.575,2.615,2.615,779100.0
102,2016-04-22,2.635,2.75,2.615,2.715,2.715,1176100.0
103,2016-04-25,2.74,2.74,2.63,2.695,2.695,963900.0
104,2016-04-26,2.68,2.73,2.645,2.7,2.7,667205.0
105,2016-04-27,2.73,2.73,2.55,2.58,2.58,2903500.0
106,2016-04-28,2.6,2.6,2.51,2.54,2.54,1979300.0
107,2016-04-29,2.515,2.55,2.44,2.485,2.485,3621600.0
108,2016-05-04,2.46,2.46,2.31,2.37,2.37,5659000.0
109,2016-05-05,2.41,2.41,2.345,2.405,2.405,618300.0
110,2016-05-06,2.395,2.43,2.35,2.43,2.43,1330400.0
111,2016-05-10,2.39,2.425,2.37,2.38,2.38,372804.0
112,2016-05-11,2.4,2.42,2.39,2.4,2.4,404900.0
113,2016-05-12,2.43,2.455,2.385,2.43,2.43,1241825.0
114,2016-05-13,2.41,2.43,2.375,2.4,2.4,359300.0
115,2016-05-16,2.38,2.39,2.355,2.375,2.375,487200.0
116,2016-05-17,2.38,2.38,2.315,2.335,2.335,781100.0
117,2016-05-18,2.34,2.34,2.275,2.31,2.31,734000.0
118,2016-05-19,2.32,2.335,2.24,2.26,2.26,1338300.0
119,2016-05-20,2.235,2.3,2.23,2.29,2.29,400100.0
120,2016-05-23,2.285,2.285,2.245,2.28,2.28,375234.0
121,2016-05-24,2.27,2.28,2.25,2.28,2.28,475672.0
122,2016-05-25,2.28,2.31,2.27,2.31,2.31,664200.0
123,2016-05-26,2.33,2.34,2.255,2.27,2.27,730100.0
124,2016-05-27,2.27,2.275,2.25,2.25,2.25,401533.0
125,2016-05-30,2.275,2.275,2.22,2.26,2.26,1187000.0
126,2016-05-31,2.24,2.25,2.205,2.235,2.235,1031701.0
127,2016-06-01,2.23,2.25,2.205,2.235,2.235,490001.0
128,2016-06-02,2.22,2.225,2.12,2.145,2.145,1765611.0
129,2016-06-03,2.165,2.165,2.07,2.09,2.09,1159800.0
130,2016-06-06,2.11,2.11,2.0,2.095,2.095,1086500.0
131,2016-06-07,2.11,2.11,2.005,2.05,2.05,1334905.0
132,2016-06-08,2.03,2.05,1.875,1.905,1.905,4318120.0
133,2016-06-09,1.915,1.915,1.815,1.85,1.85,1842500.0
134,2016-06-10,1.875,1.89,1.755,1.775,1.775,2474901.0
135,2016-06-14,1.765,1.795,1.72,1.725,1.725,1168300.0
136,2016-06-15,1.825,1.89,1.75,1.78,1.78,3921500.0
137,2016-06-16,1.78,1.79,1.745,1.75,1.75,777608.0
138,2016-06-17,1.785,1.785,1.72,1.73,1.73,815700.0
139,2016-06-20,1.735,1.765,1.68,1.725,1.725,659300.0
140,2016-06-21,1.76,1.76,1.66,1.67,1.67,1353184.0
141,2016-06-22,1.67,1.69,1.655,1.665,1.665,1187104.0
142,2016-06-23,1.69,1.69,1.66,1.665,1.665,361800.0
143,2016-06-24,1.63,1.75,1.63,1.71,1.71,757816.0
144,2016-06-27,1.715,1.86,1.705,1.74,1.74,1057000.0
145,2016-06-28,1.725,1.805,1.725,1.8,1.8,706600.0
146,2016-06-29,1.805,1.865,1.75,1.775,1.775,630915.0
147,2016-06-30,1.83,1.98,1.75,1.885,1.885,1582100.0
148,2016-07-01,1.885,1.925,1.805,1.88,1.88,517400.0
149,2016-07-04,1.85,1.93,1.845,1.895,1.895,471501.0
150,2016-07-05,1.9,1.9,1.775,1.83,1.83,1180600.0
151,2016-07-06,1.815,1.83,1.765,1.81,1.81,667402.0
152,2016-07-07,1.82,1.82,1.78,1.795,1.795,186900.0
153,2016-07-08,1.78,1.785,1.74,1.755,1.755,453800.0
154,2016-07-11,1.755,1.83,1.755,1.805,1.805,732103.0
155,2016-07-12,1.81,1.95,1.79,1.935,1.935,1374606.0
156,2016-07-13,1.955,2.035,1.84,1.915,1.915,730101.0
157,2016-07-14,1.92,1.945,1.82,1.84,1.84,737002.0
158,2016-07-15,1.84,1.855,1.815,1.835,1.835,370400.0
159,2016-07-18,1.975,1.975,1.79,1.83,1.83,556708.0
160,2016-07-19,1.855,1.86,1.75,1.755,1.755,1552291.0
161,2016-07-20,1.77,1.77,1.745,1.755,1.755,294400.0
162,2016-07-21,1.765,1.795,1.745,1.77,1.77,716600.0
163,2016-07-22,1.74,1.805,1.74,1.78,1.78,583915.0
164,2016-07-25,1.815,1.86,1.765,1.815,1.815,823400.0
165,2016-07-26,1.82,1.85,1.8,1.81,1.81,330900.0
166,2016-07-27,1.865,1.865,1.8,1.835,1.835,578100.0
167,2016-07-28,1.83,1.855,1.79,1.82,1.82,368805.0
168,2016-07-29,1.82,1.82,1.775,1.795,1.795,207500.0
169,2016-08-01,1.81,1.81,1.76,1.775,1.775,363900.0
170,2016-08-02,1.765,1.795,1.705,1.725,1.725,1517930.0
171,2016-08-03,1.73,1.735,1.68,1.705,1.705,674300.0
172,2016-08-04,1.71,1.715,1.68,1.705,1.705,846201.0
173,2016-08-05,1.72,1.725,1.69,1.69,1.69,798100.0
174,2016-08-08,1.735,1.77,1.72,1.74,1.74,5396500.0
175,2016-08-09,1.76,1.76,1.7,1.715,1.715,1058600.0
176,2016-08-10,1.725,1.75,1.695,1.7,1.7,1060431.0
177,2016-08-11,1.705,1.71,1.695,1.7,1.7,1850500.0
178,2016-08-12,1.71,1.715,1.69,1.695,1.695,607400.0
179,2016-08-15,1.72,1.72,1.69,1.705,1.705,545600.0
180,2016-08-16,1.69,1.7,1.685,1.695,1.695,1011401.0
181,2016-08-17,1.7,1.85,1.67,1.705,1.705,4302500.0
182,2016-08-18,1.705,1.75,1.69,1.705,1.705,1840211.0
183,2016-08-19,1.715,1.715,1.685,1.69,1.69,615678.0
184,2016-08-22,1.685,1.725,1.685,1.7,1.7,488404.0
185,2016-08-23,1.7,1.76,1.685,1.7,1.7,1595500.0
186,2016-08-24,1.705,1.76,1.7,1.76,1.76,1809717.0
187,2016-08-25,1.73,1.76,1.725,1.75,1.75,1073600.0
188,2016-08-26,1.735,1.78,1.725,1.74,1.74,902100.0
189,2016-08-29,1.77,1.84,1.71,1.77,1.77,2818300.0
190,2016-08-30,1.815,1.89,1.71,1.72,1.72,4248500.0
191,2016-08-31,1.725,1.725,1.7,1.725,1.725,1478200.0
192,2016-09-01,1.725,1.82,1.715,1.76,1.76,2048350.0
193,2016-09-02,1.75,1.87,1.75,1.8,1.8,8774503.0
194,2016-09-05,1.8,1.845,1.765,1.795,1.795,1014502.0
195,2016-09-06,1.815,1.825,1.735,1.74,1.74,1825000.0
196,2016-09-07,1.745,1.78,1.735,1.74,1.74,1239500.0
197,2016-09-08,1.74,1.775,1.71,1.755,1.755,1634300.0
198,2016-09-09,1.75,1.825,1.75,1.765,1.765,1186782.0
199,2016-09-12,1.785,1.81,1.74,1.76,1.76,1011600.0
200,2016-09-13,1.745,1.81,1.73,1.745,1.745,1977106.0
201,2016-09-14,1.74,1.75,1.73,1.74,1.74,965700.0
202,2016-09-15,1.745,1.77,1.725,1.74,1.74,691100.0
203,2016-09-16,1.755,1.79,1.71,1.73,1.73,2380080.0
204,2016-09-19,1.735,1.775,1.7,1.72,1.72,1556300.0
205,2016-09-20,1.72,1.725,1.705,1.72,1.72,517900.0
206,2016-09-21,1.725,1.73,1.69,1.7,1.7,567811.0
207,2016-09-22,1.7,1.73,1.7,1.715,1.715,1317766.0
208,2016-09-23,1.72,1.84,1.71,1.77,1.77,3370300.0
209,2016-09-26,1.805,1.955,1.76,1.845,1.845,10758300.0
210,2016-09-27,1.83,1.915,1.8,1.82,1.82,2240500.0
211,2016-09-28,1.825,1.85,1.7,1.765,1.765,4106600.0
212,2016-09-29,1.77,1.915,1.74,1.81,1.81,5680802.0
213,2016-09-30,1.845,1.89,1.805,1.855,1.855,563106.0
214,2016-10-03,1.865,1.94,1.845,1.915,1.915,2002601.0
215,2016-10-04,1.915,1.965,1.83,1.855,1.855,1716812.0
216,2016-10-05,1.86,1.865,1.805,1.835,1.835,1287200.0
217,2016-10-06,1.825,1.84,1.81,1.84,1.84,991703.0
218,2016-10-07,1.815,1.865,1.775,1.825,1.825,1839704.0
219,2016-10-10,1.83,1.85,1.8,1.81,1.81,310205.0
220,2016-10-11,1.82,1.845,1.78,1.845,1.845,709972.0
221,2016-10-12,1.815,1.895,1.815,1.825,1.825,890136.0
222,2016-10-13,1.855,1.855,1.79,1.825,1.825,501908.0
223,2016-10-14,1.825,1.86,1.815,1.83,1.83,417402.0
224,2016-10-17,1.805,1.845,1.795,1.84,1.84,500902.0
225,2016-10-18,1.835,1.86,1.805,1.835,1.835,413102.0
226,2016-10-19,1.81,1.86,1.805,1.835,1.835,1400600.0
227,2016-10-20,1.845,1.88,1.83,1.865,1.865,1325502.0
228,2016-10-21,1.87,1.87,1.79,1.805,1.805,1794400.0
229,2016-10-24,1.81,1.85,1.795,1.825,1.825,949503.0
230,2016-10-25,1.84,1.93,1.81,1.88,1.88,3312005.0
231,2016-10-26,1.88,1.905,1.84,1.905,1.905,1350110.0
232,2016-10-27,1.925,2.185,1.9,2.1,2.1,14417619.0
233,2016-10-28,2.125,2.82,2.095,2.435,2.435,23788010.0
234,2016-10-31,2.465,2.55,2.255,2.505,2.505,5067301.0
235,2016-11-01,2.509,2.61,2.306,2.316,2.316,4566012.0
236,2016-11-02,2.307,2.315,2.178,2.267,2.267,3675911.0
237,2016-11-03,2.274,2.38,2.16,2.364,2.364,1589000.0
238,2016-11-07,2.38,2.72,2.337,2.555,2.555,6755200.0
239,2016-11-08,2.58,2.63,2.43,2.498,2.498,5395225.0
240,2016-11-09,2.48,2.573,2.426,2.568,2.568,2731900.0
241,2016-11-10,2.543,2.71,2.514,2.702,2.702,10051300.0
242,2016-11-11,2.728,2.789,2.542,2.688,2.688,2980001.0
243,2016-11-14,2.675,2.78,2.644,2.723,2.723,4617502.0
244,2016-11-15,2.79,3.3,2.789,3.299,3.299,8610500.0
245,2016-11-16,3.26,3.328,3.05,3.1,3.1,5144559.0
246,2016-11-17,3.129,3.188,2.7,2.98,2.98,5149100.0
247,2016-11-18,2.99,3.3,2.9,3.2,3.2,7665135.0
248,2016-11-21,3.18,3.3,3.132,3.232,3.232,10716800.0
249,2016-11-22,3.207,3.22,3.05,3.165,3.165,3490100.0
250,2016-11-23,3.052,3.17,3.002,3.066,3.066,2450964.0
251,2016-11-24,3.085,3.3,2.906,3.199,3.199,2337400.0
252,2016-11-25,3.231,3.51,3.13,3.358,3.358,5434700.0
253,2016-11-28,3.38,3.44,3.152,3.256,3.256,3284400.0
254,2016-11-29,3.286,3.309,3.035,3.085,3.085,3567505.0
255,2016-11-30,3.118,3.149,2.994,3.1,3.1,1817470.0
256,2016-12-01,3.1,3.15,3.003,3.059,3.059,1153816.0
257,2016-12-02,3.06,3.118,3.02,3.027,3.027,481891.0
258,2016-12-05,3.036,3.49,2.964,3.419,3.419,5773220.0
259,2016-12-06,3.452,3.452,3.223,3.244,3.244,2073100.0
260,2016-12-07,3.232,3.288,3.1,3.247,3.247,1137844.0
261,2016-12-08,3.253,3.278,3.156,3.19,3.19,355603.0
262,2016-12-09,3.22,3.35,3.121,3.196,3.196,399500.0
263,2016-12-12,3.356,3.356,3.119,3.14,3.14,229403.0
264,2016-12-13,3.162,3.162,3.051,3.1,3.1,739101.0
265,2016-12-14,3.093,3.144,3.008,3.025,3.025,766801.0
266,2016-12-15,3.01,3.055,2.99,3.012,3.012,533201.0
267,2016-12-16,3.055,3.118,3.004,3.044,3.044,352721.0
268,2016-12-19,3.044,3.1,3.012,3.014,3.014,214201.0
269,2016-12-20,3.016,3.028,2.97,2.999,2.999,354042.0
270,2016-12-21,3.022,3.064,3.0,3.004,3.004,297314.0
271,2016-12-22,3.004,3.004,2.839,2.852,2.852,1450000.0
272,2016-12-23,2.864,3.0,2.8,2.97,2.97,1232300.0
273,2016-12-26,3.0,3.017,2.98,2.995,2.995,278700.0
274,2016-12-27,3.011,3.022,2.945,3.022,3.022,525800.0
275,2016-12-28,3.03,3.192,3.014,3.074,3.074,1105905.0
276,2016-12-29,3.029,3.22,3.025,3.115,3.115,486610.0
277,2016-12-30,3.1,3.144,3.074,3.127,3.127,312501.0
278,2017-01-03,3.121,3.157,3.114,3.144,3.144,96710.0
279,2017-01-04,3.165,3.213,3.157,3.191,3.191,276079.0
280,2017-01-05,3.197,3.246,3.188,3.221,3.221,240203.0
281,2017-01-06,3.234,3.247,3.202,3.243,3.243,133255.0
282,2017-01-09,3.249,3.282,3.217,3.277,3.277,252605.0
283,2017-01-10,3.286,3.324,3.281,3.314,3.314,268001.0
284,2017-01-11,3.29,3.436,3.204,3.212,3.212,720257.0
285,2017-01-12,3.253,3.432,3.253,3.331,3.331,661020.0
286,2017-01-13,3.331,3.6,3.33,3.421,3.421,1381504.0
287,2017-01-16,3.457,3.515,3.423,3.515,3.515,611238.0
288,2017-01-17,3.521,3.525,3.432,3.503,3.503,356400.0
289,2017-01-18,3.509,3.99,3.509,3.879,3.879,2113400.0
290,2017-01-19,3.83,3.899,3.703,3.724,3.724,589402.0
291,2017-01-20,3.706,3.745,3.62,3.712,3.712,282310.0
292,2017-01-23,3.746,3.746,3.501,3.597,3.597,676033.0
293,2017-01-24,3.622,3.899,3.55,3.806,3.806,1289503.0
294,2017-01-25,3.89,3.95,3.7,3.864,3.864,1215500.0
295,2017-01-26,3.862,3.919,3.808,3.909,3.909,389800.0
296,2017-01-27,3.808,3.929,3.801,3.837,3.837,449501.0
297,2017-01-30,3.945,3.945,3.646,3.72,3.72,417015.0
298,2017-01-31,3.798,3.798,3.546,3.705,3.705,672002.0
299,2017-02-01,3.51,3.749,3.51,3.595,3.595,319400.0
300,2017-02-02,3.637,3.744,3.515,3.521,3.521,487700.0
301,2017-02-03,3.595,3.78,3.51,3.669,3.669,3130602.0
302,2017-02-06,3.66,3.764,3.533,3.7,3.7,4296825.0
303,2017-02-07,3.736,3.799,3.656,3.751,3.751,521600.0
304,2017-02-08,3.777,3.804,3.6,3.709,3.709,511201.0
305,2017-02-09,3.708,3.708,3.605,3.635,3.635,794000.0
306,2017-02-10,3.66,3.705,3.601,3.665,3.665,550900.0
307,2017-02-13,3.603,3.758,3.6,3.68,3.68,2239725.0
308,2017-02-14,3.676,3.698,3.61,3.68,3.68,665300.0
309,2017-02-15,3.7,3.733,3.561,3.65,3.65,1398280.0
310,2017-02-16,3.689,3.777,3.581,3.69,3.69,1421650.0
311,2017-02-17,3.749,3.8,3.611,3.65,3.65,4221067.0
312,2017-02-20,3.699,3.846,3.587,3.719,3.719,708250.0
313,2017-02-21,3.834,3.846,3.661,3.72,3.72,582001.0
314,2017-02-22,3.749,3.749,3.605,3.652,3.652,211900.0
315,2017-02-24,3.65,3.706,3.642,3.66,3.66,391604.0
316,2017-02-27,3.697,3.79,3.631,3.685,3.685,3217801.0
317,2017-02-28,3.687,3.702,3.126,3.616,3.616,5364050.0
318,2017-03-01,3.501,3.65,3.412,3.545,3.545,1125702.0
319,2017-03-02,3.541,3.65,3.35,3.4,3.4,695500.0
320,2017-03-03,3.483,3.52,3.18,3.5,3.5,532902.0
321,2017-03-06,3.525,3.57,3.274,3.299,3.299,464300.0
322,2017-03-07,3.253,3.745,3.205,3.298,3.298,1011916.0
323,2017-03-09,3.276,3.34,3.2,3.333,3.333,1382600.0
324,2017-03-10,3.25,3.346,3.16,3.299,3.299,783400.0
325,2017-03-13,3.236,3.344,3.213,3.307,3.307,231701.0
326,2017-03-14,3.339,3.339,3.172,3.235,3.235,487612.0
327,2017-03-15,3.216,3.239,3.125,3.211,3.211,102200.0
328,2017-03-16,3.274,3.289,3.125,3.194,3.194,253900.0
329,2017-03-17,3.196,3.2,3.125,3.176,3.176,343203.0
330,2017-03-20,3.175,3.199,3.123,3.184,3.184,373721.0
331,2017-03-21,3.209,3.267,3.16,3.165,3.165,390701.0
332,2017-03-22,3.148,3.267,3.081,3.18,3.18,332470.0
333,2017-03-23,3.162,3.244,3.151,3.157,3.157,68101.0
334,2017-03-24,3.218,3.237,3.154,3.166,3.166,94604.0
335,2017-03-27,3.181,3.181,3.118,3.164,3.164,73210.0
336,2017-03-28,3.164,3.199,3.132,3.188,3.188,162150.0
337,2017-03-29,3.155,3.19,3.125,3.163,3.163,82619.0
338,2017-03-30,3.163,3.2,3.16,3.178,3.178,161141.0
339,2017-03-31,3.21,3.247,3.15,3.176,3.176,318301.0
340,2017-04-03,3.186,3.237,3.152,3.189,3.189,100600.0
341,2017-04-04,3.203,3.266,3.182,3.242,3.242,717500.0
342,2017-04-05,3.25,3.269,3.22,3.235,3.235,131822.0
343,2017-04-06,3.254,3.33,3.246,3.272,3.272,401202.0
344,2017-04-07,3.27,3.285,3.183,3.191,3.191,92100.0
345,2017-04-10,3.182,3.182,3.017,3.101,3.101,339001.0
346,2017-04-11,3.12,3.13,3.0,3.06,3.06,344305.0
347,2017-04-12,3.021,3.021,2.016,2.837,2.837,899002.0
348,2017-04-13,2.854,2.944,2.801,2.826,2.826,312400.0
349,2017-04-14,2.847,2.866,2.807,2.809,2.809,66201.0
350,2017-04-17,2.825,2.855,2.716,2.81,2.81,856302.0
351,2017-04-18,2.897,2.9,2.756,2.828,2.828,99901.0
352,2017-04-19,2.83,2.884,2.781,2.821,2.821,148311.0
353,2017-04-20,2.83,2.845,2.741,2.842,2.842,165700.0
354,2017-04-21,2.845,2.989,2.845,2.915,2.915,191320.0
355,2017-04-24,2.828,2.987,2.761,2.864,2.864,478201.0
356,2017-04-25,2.835,2.837,2.731,2.77,2.77,487510.0
357,2017-04-26,2.799,2.94,2.752,2.858,2.858,314602.0
358,2017-04-27,2.77,2.923,2.716,2.85,2.85,300001.0
359,2017-04-28,2.788,3.079,2.788,3.079,3.079,382400.0
360,2017-05-02,3.19,3.2,2.91,3.0,3.0,150602.0
361,2017-05-03,2.975,2.975,2.7,2.75,2.75,819707.0
362,2017-05-04,2.805,2.855,2.71,2.765,2.765,164630.0
363,2017-05-05,2.725,2.905,2.5,2.9,2.9,1167351.0
364,2017-05-10,2.945,3.01,2.82,2.975,2.975,360450.0
365,2017-05-11,2.98,3.005,2.92,2.99,2.99,3144306.0
366,2017-05-12,2.915,2.955,2.905,2.935,2.935,52304.0
367,2017-05-15,2.95,3.095,2.72,2.82,2.82,404758.0
368,2017-05-16,2.825,2.85,2.61,2.76,2.76,93103.0
369,2017-05-17,2.795,3.04,2.77,3.01,3.01,2036411.0
370,2017-05-18,2.895,3.015,2.895,3.01,3.01,490701.0
371,2017-05-19,2.93,3.095,2.925,3.03,3.03,440299.0
372,2017-05-22,3.025,3.025,2.91,3.01,3.01,358487.0
373,2017-05-23,2.925,3.015,2.915,2.995,2.995,396315.0
374,2017-05-24,3.0,3.085,3.0,3.01,3.01,297501.0
375,2017-05-25,3.03,3.09,2.92,3.0,3.0,104802.0
376,2017-05-26,2.805,4.495,2.805,3.75,3.75,7116508.0
377,2017-05-29,3.795,4.2,3.505,4.2,4.2,3919510.0
378,2017-05-30,4.2,4.2,3.575,3.75,3.75,1909356.0
379,2017-05-31,3.8,3.855,3.595,3.63,3.63,709402.0
380,2017-06-01,3.645,4.235,3.515,4.135,4.135,1625201.0
381,2017-06-02,4.135,4.45,3.945,4.0,4.0,1362829.0
382,2017-06-05,3.995,4.22,3.99,4.17,4.17,494130.0
383,2017-06-06,4.03,4.29,3.96,4.16,4.16,1306804.0
384,2017-06-07,4.115,4.225,4.055,4.14,4.14,459006.0
385,2017-06-08,4.145,4.55,4.11,4.505,4.505,824300.0
386,2017-06-09,4.4,4.6,4.38,4.485,4.485,607501.0
387,2017-06-13,4.355,4.51,4.305,4.31,4.31,302700.0
388,2017-06-14,4.36,4.41,4.1,4.205,4.205,414401.0
389,2017-06-15,4.18,4.43,4.005,4.2,4.2,670301.0
390,2017-06-16,4.18,4.3,4.06,4.195,4.195,179315.0
391,2017-06-19,4.2,4.4,4.045,4.225,4.225,514001.0
392,2017-06-20,4.335,4.45,4.15,4.155,4.155,443200.0
393,2017-06-21,4.31,4.45,4.1,4.245,4.245,1274210.0
394,2017-06-22,4.075,4.36,4.02,4.15,4.15,621501.0
395,2017-06-23,4.18,4.18,3.91,4.1,4.1,311110.0
396,2017-06-26,4.12,4.34,4.05,4.145,4.145,140602.0
397,2017-06-27,4.115,4.115,3.825,3.975,3.975,334402.0
398,2017-06-28,4.1,4.18,3.85,3.995,3.995,430517.0
399,2017-06-29,4.045,4.09,3.81,3.84,3.84,303700.0
400,2017-06-30,3.85,3.985,3.77,3.83,3.83,498406.0
401,2017-07-03,3.81,3.85,3.705,3.755,3.755,205500.0
402,2017-07-04,3.755,3.81,3.725,3.725,3.725,106920.0
403,2017-07-05,3.77,3.87,3.765,3.85,3.85,166104.0
404,2017-07-06,3.81,3.84,3.8,3.8,3.8,67906.0
405,2017-07-07,3.84,4.0,3.1,3.92,3.92,358715.0
406,2017-07-10,3.975,3.98,3.885,3.945,3.945,71920.0
407,2017-07-11,3.945,3.945,3.75,3.765,3.765,158400.0
408,2017-07-12,3.83,3.845,3.75,3.83,3.83,68001.0
409,2017-07-13,3.83,3.83,3.69,3.735,3.735,126501.0
410,2017-07-14,3.715,3.79,3.68,3.725,3.725,52050.0
411,2017-07-17,3.73,3.75,3.72,3.75,3.75,53501.0
412,2017-07-18,3.965,3.965,3.625,3.655,3.655,89200.0
413,2017-07-19,3.69,3.705,3.505,3.605,3.605,410502.0
414,2017-07-20,3.605,3.64,3.34,3.61,3.61,296707.0
415,2017-07-21,3.62,3.835,3.47,3.52,3.52,131201.0
416,2017-07-24,3.51,3.51,3.415,3.465,3.465,186100.0
417,2017-07-25,3.49,3.55,3.41,3.495,3.495,165910.0
418,2017-07-26,3.515,3.75,3.5,3.75,3.75,213120.0
419,2017-07-27,3.78,3.89,3.65,3.8,3.8,471801.0
420,2017-07-28,3.725,3.985,3.625,3.78,3.78,430113.0
421,2017-07-31,3.78,3.865,3.575,3.67,3.67,329801.0
422,2017-08-01,3.775,3.775,3.62,3.665,3.665,314700.0
423,2017-08-02,3.695,3.695,3.635,3.685,3.685,34701.0
424,2017-08-03,3.725,3.9,3.725,3.78,3.78,229924.0
425,2017-08-04,3.79,3.835,3.625,3.655,3.655,180702.0
426,2017-08-07,3.735,3.8,3.63,3.725,3.725,117600.0
427,2017-08-08,3.73,3.745,3.65,3.695,3.695,45300.0
428,2017-08-09,3.67,3.695,3.59,3.61,3.61,98902.0
429,2017-08-10,3.6,3.8,3.6,3.73,3.73,347410.0
430,2017-08-11,3.67,3.88,3.67,3.8,3.8,919900.0
431,2017-08-14,3.8,3.86,3.775,3.845,3.845,112706.0
432,2017-08-15,3.86,3.95,3.82,3.9,3.9,1049600.0
433,2017-08-16,3.895,4.39,3.895,4.2,4.2,618701.0
434,2017-08-17,4.2,4.8,4.2,4.59,4.59,1848610.0
435,2017-08-18,4.58,4.9,4.55,4.58,4.58,830904.0
436,2017-08-21,4.56,4.64,4.3,4.46,4.46,754007.0
437,2017-08-22,4.665,4.7,4.35,4.525,4.525,151092.0
438,2017-08-23,4.35,4.595,4.255,4.29,4.29,299501.0
439,2017-08-24,4.27,4.58,4.265,4.55,4.55,276302.0
440,2017-08-25,4.5,4.685,4.385,4.49,4.49,111700.0
441,2017-08-28,4.36,4.52,4.36,4.405,4.405,464800.0
442,2017-08-29,4.44,4.495,4.435,4.445,4.445,214203.0
443,2017-08-30,4.515,4.54,4.27,4.465,4.465,190701.0
444,2017-08-31,4.555,4.59,4.26,4.45,4.45,291701.0
445,2017-09-01,4.575,4.575,4.305,4.43,4.43,225901.0
446,2017-09-04,4.43,4.59,4.35,4.51,4.51,160512.0
447,2017-09-05,4.57,4.57,4.43,4.47,4.47,114409.0
448,2017-09-06,4.505,5.435,4.45,4.905,4.905,2406720.0
449,2017-09-08,5.5,5.78,5.38,5.565,5.565,3140632.0
450,2017-09-11,5.65,5.65,5.115,5.185,5.185,1252401.0
451,2017-09-12,5.14,5.445,5.125,5.315,5.315,415101.0
452,2017-09-13,5.44,5.6,5.225,5.26,5.26,436702.0
453,2017-09-14,5.34,5.5,5.2,5.215,5.215,807202.0
454,2017-09-15,5.26,5.55,5.2,5.5,5.5,1861205.0
455,2017-09-18,5.5,5.95,5.5,5.71,5.71,1693254.0
456,2017-09-19,5.64,5.775,5.64,5.71,5.71,231010.0
457,2017-09-20,5.7,5.9,5.57,5.8,5.8,1624624.0
458,2017-09-21,5.81,5.9,5.755,5.76,5.76,1285402.0
459,2017-09-22,5.895,5.945,5.57,5.86,5.86,2002210.0
460,2017-09-25,5.94,6.15,5.8,6.05,6.05,6651910.0
461,2017-09-26,6.035,6.62,6.005,6.47,6.47,3598800.0
462,2017-09-27,6.415,7.09,6.24,6.98,6.98,3377300.0
463,2017-09-28,6.95,7.0,6.755,6.86,6.86,1049502.0
464,2017-09-29,6.99,7.08,6.6,6.99,6.99,753350.0
465,2017-10-02,6.99,7.3,6.925,7.105,7.105,4037803.0
466,2017-10-03,7.105,7.105,6.805,6.96,6.96,2118510.0
467,2017-10-04,6.9,7.215,5.5,6.45,6.45,4221303.0
468,2017-10-05,6.305,6.95,6.16,6.55,6.55,1848205.0
469,2017-10-06,6.61,6.7,6.31,6.5,6.5,587001.0
470,2017-10-09,6.495,7.12,6.42,7.04,7.04,2580205.0
471,2017-10-10,7.0,7.5,6.95,7.5,7.5,3606002.0
472,2017-10-11,7.405,7.73,6.805,7.55,7.55,1567215.0
473,2017-10-12,7.58,7.58,6.815,7.3,7.3,2713800.0
474,2017-10-13,7.445,7.55,7.21,7.4,7.4,762005.0
475,2017-10-16,7.43,7.485,7.21,7.39,7.39,584900.0
476,2017-10-17,7.245,7.39,7.015,7.1,7.1,5379037.0
477,2017-10-18,7.03,7.5,7.0,7.5,7.5,3742847.0
478,2017-10-19,7.5,7.815,7.5,7.69,7.69,1150551.0
479,2017-10-20,7.605,7.73,7.505,7.73,7.73,426100.0
480,2017-10-23,7.85,7.98,7.66,7.725,7.725,497307.0
481,2017-10-24,7.75,7.91,7.585,7.615,7.615,1401010.0
482,2017-10-25,7.655,7.71,7.2,7.635,7.635,898106.0
483,2017-10-26,7.37,7.645,7.215,7.295,7.295,368801.0
484,2017-10-27,7.255,7.315,7.1,7.23,7.23,181603.0
485,2017-10-30,7.32,7.32,7.13,7.14,7.14,87703.0
486,2017-10-31,7.145,7.28,6.805,6.87,6.87,550933.0
487,2017-11-01,6.85,7.245,6.66,7.18,7.18,713802.0
488,2017-11-02,7.145,7.245,7.145,7.24,7.24,154101.0
489,2017-11-03,7.295,7.4,7.205,7.23,7.23,96805.0
490,2017-11-07,7.16,7.16,6.905,6.915,6.915,306901.0
491,2017-11-08,6.92,7.07,6.66,6.855,6.855,724001.0
492,2017-11-09,6.785,7.1,6.78,6.835,6.835,348601.0
493,2017-11-10,6.725,7.0,6.67,6.9,6.9,960308.0
494,2017-11-13,6.975,6.98,6.72,6.865,6.865,357700.0
495,2017-11-14,6.805,6.95,6.7,6.93,6.93,209400.0
496,2017-11-15,6.79,7.35,6.72,6.785,6.785,507102.0
497,2017-11-16,6.805,6.805,6.21,6.47,6.47,399401.0
498,2017-11-17,6.475,6.485,6.185,6.245,6.245,332340.0
499,2017-11-20,6.275,6.48,6.05,6.185,6.185,2226400.0
500,2017-11-21,6.19,6.72,6.19,6.55,6.55,5863508.0
501,2017-11-22,6.755,6.76,6.25,6.34,6.34,670700.0
502,2017-11-23,6.545,6.69,6.27,6.685,6.685,366201.0
503,2017-11-24,6.6,6.98,6.54,6.81,6.81,418431.0
504,2017-11-27,6.76,6.76,6.62,6.72,6.72,58304.0
505,2017-11-28,6.69,6.895,6.62,6.76,6.76,103206.0
506,2017-11-29,6.755,6.755,6.41,6.48,6.48,86700.0
507,2017-11-30,6.465,6.68,6.3,6.565,6.565,860201.0
508,2017-12-01,6.695,6.7,5.585,6.45,6.45,553900.0
509,2017-12-04,6.79,6.79,6.17,6.48,6.48,289400.0
510,2017-12-05,6.425,6.98,6.4,6.905,6.905,1332400.0
511,2017-12-06,6.885,6.975,6.54,6.91,6.91,242400.0
512,2017-12-07,6.91,7.015,6.665,6.945,6.945,481000.0
513,2017-12-08,6.91,7.04,6.795,6.99,6.99,529700.0
514,2017-12-11,6.965,7.0,6.68,6.76,6.76,352705.0
515,2017-12-12,6.82,6.99,6.6,6.92,6.92,310411.0
516,2017-12-13,6.92,6.92,6.625,6.66,6.66,331201.0
517,2017-12-14,6.515,6.75,6.395,6.55,6.55,229105.0
518,2017-12-15,6.475,6.75,6.3,6.6,6.6,661511.0
519,2017-12-18,6.595,6.635,6.305,6.39,6.39,132410.0
520,2017-12-19,6.39,6.47,6.25,6.32,6.32,240704.0
521,2017-12-20,6.325,6.325,5.995,6.27,6.27,246504.0
522,2017-12-21,6.21,6.235,6.005,6.135,6.135,66508.0
523,2017-12-22,6.14,6.39,5.99,6.06,6.06,178409.0
524,2017-12-25,5.885,6.1,5.805,6.01,6.01,422720.0
525,2017-12-26,6.0,6.07,5.78,6.015,6.015,528710.0
526,2017-12-27,6.0,6.22,5.84,6.1,6.1,855801.0
527,2017-12-28,6.2,6.34,6.0,6.055,6.055,218308.0
528,2017-12-29,6.025,6.25,5.5,5.995,5.995,1601502.0
529,2018-01-03,6.005,6.27,5.975,6.115,6.115,135709.0
530,2018-01-04,6.05,6.255,5.98,6.015,6.015,794101.0
531,2018-01-05,6.05,6.255,6.025,6.225,6.225,148105.0
532,2018-01-09,6.25,6.265,6.185,6.26,6.26,60503.0
533,2018-01-10,6.29,6.7,6.24,6.61,6.61,2888525.0
534,2018-01-11,6.6,6.665,6.5,6.625,6.625,165801.0
535,2018-01-12,6.62,6.71,6.595,6.62,6.62,145501.0
536,2018-01-15,6.605,6.725,6.5,6.725,6.725,471320.0
537,2018-01-16,6.66,7.285,6.66,7.055,7.055,1522402.0
538,2018-01-17,6.865,7.135,6.825,6.965,6.965,208021.0
539,2018-01-18,7.04,7.22,6.995,7.06,7.06,136900.0
540,2018-01-19,7.185,7.5,7.02,7.3,7.3,1154600.0
541,2018-01-22,7.345,7.6,7.345,7.535,7.535,516800.0
542,2018-01-24,7.9,8.155,7.525,7.605,7.605,1143709.0
543,2018-01-25,7.625,7.78,7.335,7.605,7.605,468602.0
544,2018-01-26,7.5,7.665,7.355,7.55,7.55,291602.0
545,2018-01-29,7.52,7.8,7.12,7.765,7.765,463305.0
546,2018-01-30,7.885,7.97,7.735,7.795,7.795,242301.0
547,2018-01-31,7.755,7.84,7.7,7.73,7.73,141300.0
548,2018-02-01,7.79,7.79,7.5,7.695,7.695,175901.0
549,2018-02-02,7.565,7.98,7.515,7.68,7.68,116600.0
550,2018-02-05,7.615,7.63,7.415,7.54,7.54,180701.0
551,2018-02-06,7.25,7.405,6.715,7.03,7.03,1156400.0
552,2018-02-07,7.095,7.15,6.95,7.09,7.09,73400.0
553,2018-02-08,7.155,7.195,7.025,7.07,7.07,65145.0
554,2018-02-09,7.0,7.165,6.835,7.035,7.035,1173100.0
555,2018-02-12,7.11,7.11,6.97,7.0,7.0,220121.0
556,2018-02-13,7.0,7.0,6.9,6.96,6.96,472103.0
557,2018-02-14,6.97,7.0,6.82,6.98,6.98,236505.0
558,2018-02-15,7.06,7.11,6.7,6.805,6.805,636900.0
559,2018-02-16,6.805,7.05,6.525,6.895,6.895,73701.0
560,2018-02-19,6.89,7.19,6.89,7.12,7.12,1858710.0
561,2018-02-20,7.12,7.14,7.05,7.085,7.085,8509.0
562,2018-02-21,7.1,7.14,7.1,7.13,7.13,25505.0
563,2018-02-22,7.215,7.215,7.035,7.19,7.19,64000.0
564,2018-02-26,7.23,7.23,6.955,7.005,7.005,333403.0
565,2018-02-27,7.055,7.095,6.805,6.995,6.995,140901.0
566,2018-02-28,7.0,7.085,6.865,6.91,6.91,50602.0
567,2018-03-01,6.995,7.02,6.83,6.935,6.935,121301.0
568,2018-03-02,7.075,7.095,6.865,6.955,6.955,180502.0
569,2018-03-05,7.095,7.095,6.855,7.005,7.005,303401.0
570,2018-03-06,6.925,7.075,6.925,7.0,7.0,67305.0
571,2018-03-07,6.915,7.05,6.88,6.94,6.94,314022.0
572,2018-03-09,6.895,6.995,6.86,6.975,6.975,19201.0
573,2018-03-12,6.975,6.975,6.9,6.955,6.955,34401.0
574,2018-03-13,6.935,7.01,6.875,6.97,6.97,38100.0
575,2018-03-14,6.895,6.96,6.8,6.85,6.85,61510.0
576,2018-03-15,6.87,6.875,6.7,6.73,6.73,82601.0
577,2018-03-16,6.765,6.785,6.21,6.465,6.465,165212.0
578,2018-03-19,6.475,7.085,6.45,6.81,6.81,130401.0
579,2018-03-20,6.605,7.02,6.605,6.85,6.85,95100.0
580,2018-03-21,6.755,6.865,6.65,6.7,6.7,49344.0
581,2018-03-22,6.71,6.73,6.7,6.73,6.73,23108.0
582,2018-03-23,6.72,6.79,6.31,6.45,6.45,835501.0
583,2018-03-26,6.49,6.535,6.415,6.415,6.415,27500.0
584,2018-03-27,6.405,6.48,6.4,6.46,6.46,23910.0
585,2018-03-28,6.405,7.05,6.315,6.625,6.625,1022510.0
586,2018-03-29,6.525,6.955,6.325,6.635,6.635,132401.0
587,2018-03-30,6.61,6.77,6.61,6.7,6.7,15001.0
588,2018-04-02,6.03,6.03,5.245,5.245,5.245,15481830.0
589,2018-04-03,5.25,5.335,4.945,5.11,5.11,6224431.0
590,2018-04-04,5.3,5.3,5.18,5.21,5.21,204210.0
591,2018-04-05,5.215,5.3,5.16,5.245,5.245,649501.0
592,2018-04-06,5.2,5.27,5.17,5.2,5.2,3736451.0
593,2018-04-09,5.2,5.2,4.3,4.545,4.545,2701513.0
594,2018-04-10,4.305,4.565,4.295,4.445,4.445,1003703.0
595,2018-04-11,4.43,4.98,4.31,4.51,4.51,1779341.0
596,2018-04-12,4.53,5.035,4.5,5.02,5.02,736922.0
597,2018-04-13,4.995,5.1,4.8,4.995,4.995,307910.0
598,2018-04-16,5.01,5.275,5.005,5.175,5.175,313924.0
599,2018-04-17,5.165,5.29,5.12,5.205,5.205,209705.0
600,2018-04-18,5.285,5.36,5.215,5.325,5.325,150308.0
601,2018-04-19,5.36,5.36,5.19,5.195,5.195,233501.0
602,2018-04-20,5.21,5.285,5.18,5.215,5.215,84601.0
603,2018-04-23,5.18,5.18,5.05,5.145,5.145,223824.0
604,2018-04-24,5.135,5.225,5.1,5.1,5.1,308802.0
605,2018-04-25,5.16,5.16,5.065,5.13,5.13,706400.0
606,2018-04-26,5.035,5.205,4.99,5.1,5.1,264524.0
607,2018-04-27,5.105,5.115,5.05,5.1,5.1,477700.0
608,2018-04-30,5.11,5.24,5.1,5.15,5.15,19600.0
609,2018-05-02,5.145,5.25,5.145,5.21,5.21,159204.0
610,2018-05-03,5.21,5.24,5.2,5.2,5.2,74833.0
611,2018-05-04,5.2,5.27,5.14,5.2,5.2,212130.0
612,2018-05-07,5.22,5.22,5.2,5.21,5.21,77512.0
613,2018-05-08,5.2,5.32,5.2,5.24,5.24,226317.0
614,2018-05-10,5.26,5.45,5.15,5.38,5.38,177600.0
615,2018-05-11,5.45,5.68,5.42,5.63,5.63,629711.0
616,2018-05-14,5.65,5.98,5.59,5.9,5.9,368402.0
617,2018-05-15,5.87,5.87,5.74,5.86,5.86,1664001.0
618,2018-05-16,5.88,5.88,5.66,5.76,5.76,517213.0
619,2018-05-17,5.72,5.76,5.63,5.7,5.7,1318701.0
620,2018-05-18,5.77,5.81,5.67,5.81,5.81,875135.0
621,2018-05-21,5.8,5.9,5.72,5.87,5.87,376500.0
622,2018-05-22,5.78,5.81,5.57,5.78,5.78,6238301.0
623,2018-05-23,5.79,5.97,5.7,5.9,5.9,1017219.0
624,2018-05-24,5.85,5.98,5.8,5.9,5.9,659300.0
625,2018-05-25,5.89,5.9,5.7,5.81,5.81,1111601.0
626,2018-05-28,5.78,5.81,5.65,5.68,5.68,542101.0
627,2018-05-29,5.7,5.83,5.37,5.75,5.75,844601.0
628,2018-05-30,5.72,5.8,5.51,5.67,5.67,407223.0
629,2018-05-31,5.61,5.77,5.6,5.76,5.76,1711813.0
630,2018-06-01,5.72,5.75,5.7,5.74,5.74,24201.0
631,2018-06-04,5.77,5.77,5.6,5.65,5.65,495302.0
632,2018-06-05,5.57,5.79,5.57,5.79,5.79,290255.0
633,2018-06-06,5.8,5.89,5.61,5.68,5.68,328710.0
634,2018-06-07,5.74,5.81,5.67,5.75,5.75,304401.0
635,2018-06-08,5.76,5.76,5.56,5.7,5.7,94017.0
636,2018-06-11,5.93,5.93,5.66,5.7,5.7,8402.0
637,2018-06-13,5.69,5.78,5.63,5.7,5.7,64301.0
638,2018-06-14,5.69,5.75,5.59,5.61,5.61,32701.0
639,2018-06-15,5.61,5.61,5.5,5.52,5.52,141001.0
640,2018-06-18,5.57,5.57,5.45,5.47,5.47,36300.0
641,2018-06-19,5.45,5.55,5.4,5.4,5.4,149400.0
642,2018-06-20,5.53,5.53,5.24,5.27,5.27,63301.0
643,2018-06-21,5.28,5.46,5.15,5.39,5.39,128820.0
644,2018-06-22,5.45,5.5,5.32,5.35,5.35,39801.0
645,2018-06-25,5.32,5.42,5.2,5.34,5.34,49503.0
646,2018-06-26,5.29,5.38,5.25,5.35,5.35,14773.0
647,2018-06-27,5.38,5.38,5.27,5.28,5.28,85611.0
648,2018-06-28,5.3,5.35,5.2,5.35,5.35,69100.0
649,2018-06-29,5.21,5.37,5.12,5.26,5.26,80203.0
650,2018-07-02,5.21,5.68,5.19,5.36,5.36,162845.0
651,2018-07-03,5.28,5.46,5.28,5.39,5.39,41408.0
652,2018-07-04,5.5,5.66,5.4,5.62,5.62,132800.0
653,2018-07-06,5.6,6.15,5.05,5.64,5.64,418419.0
654,2018-07-09,5.47,5.74,5.33,5.53,5.53,115301.0
655,2018-07-10,5.31,5.67,5.31,5.44,5.44,44033.0
656,2018-07-11,5.42,5.51,5.36,5.46,5.46,61320.0
657,2018-07-12,5.48,5.49,5.37,5.44,5.44,27201.0
658,2018-07-13,5.44,5.49,5.34,5.45,5.45,11901.0
659,2018-07-16,5.5,5.53,5.44,5.44,5.44,22113.0
660,2018-07-17,5.5,5.59,5.43,5.55,5.55,144405.0
661,2018-07-18,5.46,5.49,5.4,5.44,5.44,59601.0
662,2018-07-19,5.42,5.42,5.14,5.3,5.3,104104.0
663,2018-07-20,5.37,5.4,5.31,5.35,5.35,22782.0
664,2018-07-23,5.35,5.44,5.33,5.43,5.43,56200.0
665,2018-07-24,5.46,5.49,5.36,5.43,5.43,16500.0
666,2018-07-25,5.42,5.43,5.31,5.36,5.36,90013.0
667,2018-07-26,5.38,5.38,5.35,5.36,5.36,25208.0
668,2018-07-27,5.39,5.39,5.33,5.36,5.36,28901.0
669,2018-07-30,5.38,5.47,5.28,5.39,5.39,65401.0
670,2018-07-31,5.31,5.45,5.31,5.39,5.39,15300.0
671,2018-08-01,5.33,5.4,5.24,5.33,5.33,254704.0
672,2018-08-02,5.29,5.39,5.25,5.3,5.3,140200.0
673,2018-08-03,5.36,5.38,5.29,5.38,5.38,79115.0
674,2018-08-06,5.35,5.41,5.25,5.3,5.3,86859.0
675,2018-08-07,5.28,5.39,5.27,5.27,5.27,81202.0
676,2018-08-08,5.27,5.33,5.1,5.2,5.2,285000.0
677,2018-08-09,5.08,5.29,5.05,5.18,5.18,137702.0
678,2018-08-10,5.13,5.24,5.1,5.1,5.1,68800.0
679,2018-08-13,5.09,5.11,4.36,4.89,4.89,217010.0
680,2018-08-14,4.95,5.2,4.86,4.87,4.87,143090.0
681,2018-08-15,4.92,4.99,4.48,4.8,4.8,622408.0
682,2018-08-16,4.7,4.9,4.69,4.77,4.77,83701.0
683,2018-08-17,4.69,4.76,4.57,4.65,4.65,86302.0
684,2018-08-20,4.6,4.6,4.27,4.44,4.44,412801.0
685,2018-08-21,4.4,4.4,4.2,4.3,4.3,201300.0
686,2018-08-22,4.22,4.31,4.17,4.24,4.24,63811.0
687,2018-08-23,4.27,4.28,4.18,4.2,4.2,33340.0
688,2018-08-24,4.19,4.23,4.07,4.15,4.15,135200.0
689,2018-08-27,4.19,4.35,4.11,4.16,4.16,56800.0
690,2018-08-28,4.24,4.29,4.06,4.06,4.06,80904.0
691,2018-08-29,4.14,4.2,4.11,4.12,4.12,80405.0
692,2018-08-30,4.17,4.21,4.11,4.11,4.11,171901.0
693,2018-08-31,4.18,4.18,4.08,4.13,4.13,26504.0
694,2018-09-03,4.13,4.15,4.12,4.13,4.13,6523.0
695,2018-09-04,4.15,4.3,4.11,4.27,4.27,130316.0
696,2018-09-05,4.2,4.26,4.15,4.18,4.18,68801.0
697,2018-09-06,4.29,4.29,4.13,4.2,4.2,60900.0
698,2018-09-07,4.17,4.28,4.15,4.23,4.23,16707.0
699,2018-09-10,4.23,4.3,4.17,4.24,4.24,19303.0
700,2018-09-11,4.33,4.33,4.11,4.2,4.2,279704.0
701,2018-09-12,4.2,4.84,4.2,4.69,4.69,165805.0
702,2018-09-13,4.77,4.79,4.5,4.77,4.77,107417.0
703,2018-09-14,4.82,4.86,4.7,4.78,4.78,68802.0
704,2018-09-17,4.73,4.85,4.56,4.62,4.62,62700.0
705,2018-09-18,4.6,4.8,4.49,4.52,4.52,229711.0
706,2018-09-19,4.55,4.6,4.48,4.51,4.51,142206.0
707,2018-09-20,4.56,4.57,4.41,4.52,4.52,57201.0
708,2018-09-21,4.45,4.57,4.41,4.47,4.47,78201.0
709,2018-09-24,4.49,4.54,4.44,4.49,4.49,29803.0
710,2018-09-25,4.55,5.5,4.45,5.4,5.4,1209301.0
711,2018-09-26,5.55,5.75,5.21,5.49,5.49,791431.0
712,2018-09-27,5.3,5.74,5.3,5.49,5.49,392901.0
713,2018-09-28,5.42,5.56,5.31,5.38,5.38,149000.0
714,2018-10-01,5.34,5.47,4.92,5.03,5.03,416700.0
715,2018-10-02,5.05,5.1,4.86,4.93,4.93,212700.0
716,2018-10-03,4.94,5.03,4.81,4.94,4.94,162200.0
717,2018-10-04,4.89,4.99,4.82,4.89,4.89,26602.0
718,2018-10-05,4.88,4.92,4.62,4.8,4.8,94314.0
719,2018-10-08,4.61,4.89,4.61,4.84,4.84,36010.0
720,2018-10-09,4.99,5.42,4.99,5.22,5.22,417902.0
721,2018-10-10,5.15,5.26,5.09,5.2,5.2,66500.0
722,2018-10-11,5.01,5.13,4.9,5.02,5.02,485701.0
723,2018-10-12,4.98,5.16,4.91,5.08,5.08,859701.0
724,2018-10-15,5.09,5.11,4.91,5.11,5.11,766504.0
725,2018-10-16,5.13,5.14,5.01,5.13,5.13,198606.0
726,2018-10-17,5.15,5.4,5.11,5.19,5.19,206401.0
727,2018-10-18,5.12,5.26,5.12,5.18,5.18,23201.0
728,2018-10-19,5.11,5.15,5.0,5.07,5.07,91502.0
729,2018-10-22,5.07,5.1,5.0,5.08,5.08,78504.0
730,2018-10-23,5.08,5.2,5.06,5.14,5.14,153822.0
731,2018-10-24,5.16,5.17,5.03,5.09,5.09,219020.0
732,2018-10-25,5.01,5.1,5.01,5.09,5.09,43301.0
733,2018-10-26,5.06,5.1,5.0,5.09,5.09,95303.0
734,2018-10-29,4.99,5.02,4.82,5.0,5.0,720402.0
735,2018-10-30,5.04,5.04,4.9,4.95,4.95,85206.0
736,2018-10-31,4.95,5.02,4.95,4.99,4.99,19000.0
737,2018-11-01,4.99,5.17,4.9,5.055,5.055,160302.0
738,2018-11-02,5.015,5.18,5.015,5.11,5.11,143117.0
739,2018-11-06,5.09,5.13,5.005,5.12,5.12,98200.0
740,2018-11-07,5.135,5.16,5.0,5.09,5.09,51902.0
741,2018-11-08,5.01,5.115,5.01,5.075,5.075,56211.0
742,2018-11-09,5.04,5.06,5.0,5.025,5.025,52001.0
743,2018-11-12,5.07,5.07,5.0,5.055,5.055,140501.0
744,2018-11-13,5.03,5.095,5.015,5.04,5.04,10900.0
745,2018-11-14,5.015,5.065,4.985,5.005,5.005,72010.0
746,2018-11-15,4.955,5.065,4.955,5.025,5.025,6500.0
747,2018-11-16,5.005,5.06,4.93,4.965,4.965,229300.0
748,2018-11-19,5.0,5.04,4.95,4.955,4.955,25800.0
749,2018-11-20,4.985,4.995,4.84,4.855,4.855,91705.0
750,2018-11-21,4.855,4.975,4.84,4.9,4.9,22822.0
751,2018-11-22,4.975,5.0,4.71,5.0,5.0,88100.0
752,2018-11-23,5.0,5.005,4.95,4.95,4.95,214900.0
753,2018-11-26,4.91,4.95,4.805,4.855,4.855,31101.0
754,2018-11-27,4.945,4.945,4.815,4.84,4.84,10502.0
755,2018-11-28,4.845,4.905,4.82,4.905,4.905,62321.0
756,2018-11-29,4.91,4.985,4.91,4.94,4.94,8900.0
757,2018-11-30,4.905,4.945,4.845,4.92,4.92,40500.0
758,2018-12-03,4.835,4.95,4.835,4.945,4.945,10400.0
759,2018-12-04,4.945,4.97,4.945,4.97,4.97,17100.0
760,2018-12-05,4.97,4.99,4.95,4.98,4.98,27600.0
761,2018-12-06,4.99,5.04,4.955,4.995,4.995,23501.0
762,2018-12-07,5.05,5.05,4.925,5.005,5.005,13701.0
763,2018-12-10,4.99,5.01,4.98,5.01,5.01,4200.0
764,2018-12-11,4.955,5.015,4.955,4.955,4.955,20600.0
765,2018-12-12,4.955,5.02,4.95,5.005,5.005,25400.0
766,2018-12-13,5.005,5.01,4.96,4.995,4.995,28700.0
767,2018-12-14,5.0,5.0,4.93,4.93,4.93,6100.0
768,2018-12-17,4.975,4.98,4.915,4.965,4.965,5400.0
769,2018-12-18,4.905,4.96,4.9,4.905,4.905,32507.0
770,2018-12-19,4.94,4.995,4.745,4.845,4.845,62502.0
771,2018-12-20,4.745,4.89,4.71,4.71,4.71,73000.0
772,2018-12-21,4.705,4.855,4.61,4.78,4.78,37200.0
773,2018-12-24,4.62,4.765,4.535,4.57,4.57,71700.0
774,2018-12-25,4.695,4.695,4.475,4.5,4.5,77000.0
775,2018-12-26,4.505,4.56,4.505,4.515,4.515,10400.0
776,2018-12-27,4.495,4.69,4.49,4.575,4.575,15200.0
777,2018-12-28,4.51,4.64,4.51,4.555,4.555,52612.0
778,2019-01-03,4.76,4.79,4.695,4.775,4.775,6300.0
779,2019-01-04,4.79,4.795,4.7,4.785,4.785,9100.0
780,2019-01-08,4.635,5.035,4.635,4.99,4.99,126700.0
781,2019-01-09,5.035,5.035,4.92,4.965,4.965,39500.0
782,2019-01-10,4.915,5.18,4.91,5.16,5.16,68900.0
783,2019-01-11,5.155,5.355,5.155,5.205,5.205,180432.0
784,2019-01-14,5.165,5.35,5.165,5.3,5.3,88000.0
785,2019-01-15,5.295,5.33,5.155,5.195,5.195,28900.0
786,2019-01-16,5.15,5.45,5.1,5.41,5.41,95300.0
787,2019-01-17,5.46,5.925,5.35,5.435,5.435,64700.0
788,2019-01-18,5.46,5.5,5.27,5.335,5.335,69200.0
789,2019-01-21,5.395,5.485,5.225,5.48,5.48,98300.0
790,2019-01-22,5.28,5.68,5.28,5.49,5.49,114300.0
791,2019-01-23,5.69,5.69,5.49,5.57,5.57,39300.0
792,2019-01-24,5.41,5.61,5.4,5.495,5.495,92900.0
793,2019-01-25,5.505,5.77,5.5,5.715,5.715,210900.0
794,2019-01-28,5.7,5.7,5.61,5.62,5.62,62900.0
795,2019-01-29,5.655,5.93,5.62,5.68,5.68,35501.0
796,2019-01-30,5.65,5.77,5.65,5.69,5.69,46300.0
797,2019-01-31,5.7,5.7,5.425,5.445,5.445,121600.0
798,2019-02-01,5.495,5.55,5.42,5.43,5.43,27800.0
799,2019-02-04,5.41,5.61,5.41,5.59,5.59,64200.0
800,2019-02-05,5.505,5.59,5.5,5.59,5.59,29050.0
801,2019-02-06,5.6,5.6,5.425,5.46,5.46,47000.0
802,2019-02-07,5.415,5.49,5.375,5.39,5.39,49637.0
803,2019-02-08,5.36,5.435,5.3,5.345,5.345,70300.0
804,2019-02-11,5.295,5.395,5.295,5.31,5.31,19600.0
805,2019-02-12,5.44,5.655,5.31,5.57,5.57,131200.0
806,2019-02-13,5.495,5.8,5.485,5.61,5.61,256400.0
807,2019-02-14,5.53,5.695,5.515,5.535,5.535,158000.0
808,2019-02-15,5.63,5.65,5.51,5.525,5.525,14300.0
809,2019-02-18,5.485,5.57,5.39,5.57,5.57,539200.0
810,2019-02-19,5.57,5.585,5.07,5.195,5.195,372500.0
811,2019-02-20,5.22,5.27,5.06,5.24,5.24,212601.0
812,2019-02-21,5.24,5.3,4.995,5.025,5.025,218200.0
813,2019-02-22,5.09,5.09,4.91,5.035,5.035,143800.0
814,2019-02-25,5.0,5.06,4.925,4.98,4.98,156000.0
815,2019-02-26,5.0,5.145,5.0,5.08,5.08,127704.0
816,2019-02-27,5.08,5.085,4.935,5.015,5.015,91200.0
817,2019-02-28,5.04,5.09,4.89,5.065,5.065,180101.0
818,2019-03-01,5.065,5.085,4.97,5.0,5.0,462501.0
819,2019-03-04,5.06,5.065,4.915,4.915,4.915,56600.0
820,2019-03-05,4.93,5.06,4.915,5.0,5.0,155900.0
821,2019-03-06,4.965,5.45,4.965,5.45,5.45,734835.0
822,2019-03-07,5.45,5.535,5.35,5.37,5.37,166400.0
823,2019-03-11,5.36,5.46,5.29,5.295,5.295,57400.0
824,2019-03-12,5.22,5.355,5.16,5.335,5.335,168300.0
825,2019-03-13,5.52,5.52,5.41,5.5,5.5,101000.0
826,2019-03-14,5.535,5.54,5.405,5.5,5.5,18000.0
827,2019-03-15,5.5,5.53,5.385,5.41,5.41,33100.0
828,2019-03-18,5.375,5.5,5.22,5.46,5.46,24300.0
829,2019-03-19,5.525,5.525,5.39,5.43,5.43,27800.0
830,2019-03-20,5.535,5.54,5.415,5.54,5.54,240900.0
831,2019-03-21,5.44,5.535,5.44,5.48,5.48,118100.0
832,2019-03-22,5.415,5.525,5.415,5.5,5.5,134100.0
833,2019-03-25,5.35,5.55,5.335,5.5,5.5,291000.0
834,2019-03-26,5.355,5.545,5.355,5.505,5.505,21400.0
835,2019-03-27,5.54,5.56,5.465,5.49,5.49,44400.0
836,2019-03-28,5.5,6.5,5.5,6.22,6.22,1846300.0
837,2019-03-29,6.4,6.87,6.1,6.33,6.33,771500.0
838,2019-04-01,6.71,6.83,6.33,6.51,6.51,474400.0
839,2019-04-02,6.455,6.69,6.42,6.675,6.675,155300.0
840,2019-04-03,6.69,6.85,6.66,6.755,6.755,260900.0
841,2019-04-04,6.81,7.275,6.8,6.98,6.98,456500.0
842,2019-04-05,6.935,7.06,6.905,7.025,7.025,60000.0
843,2019-04-08,7.03,7.075,6.9,7.0,7.0,53029.0
844,2019-04-09,6.92,7.005,6.92,6.935,6.935,12400.0
845,2019-04-10,6.9,6.945,6.62,6.62,6.62,150500.0
846,2019-04-11,6.37,6.71,6.37,6.66,6.66,53100.0
847,2019-04-12,6.715,7.005,6.715,6.85,6.85,178600.0
848,2019-04-15,6.86,7.075,6.86,6.9,6.9,48900.0
849,2019-04-16,6.945,6.945,6.565,6.85,6.85,242100.0
850,2019-04-17,6.855,6.91,6.8,6.845,6.845,18401.0
851,2019-04-18,6.805,6.845,6.66,6.73,6.73,43401.0
852,2019-04-19,6.73,6.73,6.69,6.73,6.73,4500.0
853,2019-04-22,6.76,6.97,6.76,6.81,6.81,54600.0
854,2019-04-23,6.835,6.84,6.655,6.77,6.77,10400.0
855,2019-04-24,6.785,6.93,6.6,6.785,6.785,59900.0
856,2019-04-25,6.8,6.8,6.62,6.655,6.655,23200.0
857,2019-04-26,6.78,6.78,6.565,6.695,6.695,20702.0
858,2019-04-29,6.65,6.725,6.535,6.595,6.595,69800.0
859,2019-04-30,6.385,6.615,6.0,6.13,6.13,364600.0
860,2019-05-02,6.24,6.37,6.07,6.37,6.37,99500.0
861,2019-05-03,6.37,6.48,6.21,6.44,6.44,132101.0
862,2019-05-06,6.38,6.38,5.96,6.19,6.19,437600.0
863,2019-05-07,6.12,6.37,6.09,6.13,6.13,24001.0
864,2019-05-08,6.2,6.34,6.12,6.26,6.26,69300.0
865,2019-05-10,6.22,6.44,6.17,6.36,6.36,8400.0
866,2019-05-13,6.23,6.25,6.11,6.14,6.14,84104.0
867,2019-05-14,6.17,6.18,5.83,5.89,5.89,280200.0
868,2019-05-15,6.0,6.18,5.91,6.14,6.14,58000.0
869,2019-05-16,6.15,6.3,6.07,6.26,6.26,44300.0
870,2019-05-17,5.94,6.29,5.94,6.27,6.27,59701.0
871,2019-05-20,6.29,6.29,6.17,6.23,6.23,23700.0
872,2019-05-21,6.26,6.5,6.17,6.41,6.41,105500.0
873,2019-05-22,6.45,6.5,6.21,6.31,6.31,36400.0
874,2019-05-23,6.44,6.75,6.24,6.51,6.51,125500.0
875,2019-05-24,6.5,6.5,6.25,6.25,6.25,121700.0
876,2019-05-27,6.37,6.43,6.2,6.25,6.25,66800.0
877,2019-05-28,6.39,6.39,6.21,6.33,6.33,31100.0
878,2019-05-29,6.39,6.39,6.22,6.39,6.39,34900.0
879,2019-05-30,6.4,6.4,6.3,6.33,6.33,11300.0
880,2019-05-31,6.4,6.4,6.28,6.29,6.29,11200.0
881,2019-06-03,6.4,6.43,6.27,6.36,6.36,82800.0
882,2019-06-04,6.39,6.43,6.26,6.38,6.38,86000.0
883,2019-06-05,6.37,6.38,6.29,6.3,6.3,18800.0
884,2019-06-06,6.35,6.42,6.31,6.4,6.4,43700.0
885,2019-06-07,6.4,6.52,6.34,6.45,6.45,19300.0
886,2019-06-10,6.5,6.51,6.31,6.37,6.37,26800.0
887,2019-06-11,6.35,6.43,6.35,6.4,6.4,19500.0
888,2019-06-13,6.41,6.52,6.36,6.42,6.42,90000.0
889,2019-06-14,6.4,6.45,6.32,6.37,6.37,20200.0
890,2019-06-17,6.39,6.89,6.38,6.66,6.66,131500.0
891,2019-06-18,6.67,6.73,6.66,6.67,6.67,84100.0
892,2019-06-19,6.67,6.86,6.55,6.81,6.81,104200.0
893,2019-06-20,6.82,6.85,6.39,6.72,6.72,71800.0
894,2019-06-21,6.43,6.76,6.31,6.51,6.51,143908.0
895,2019-06-24,6.55,6.56,6.49,6.5,6.5,21300.0
896,2019-06-25,6.47,6.51,6.0,6.16,6.16,410200.0
897,2019-06-26,6.18,6.25,6.1,6.17,6.17,146100.0
898,2019-06-27,6.17,6.21,6.12,6.17,6.17,92001.0
899,2019-06-28,6.2,6.2,6.14,6.17,6.17,21000.0
900,2019-07-01,6.19,6.19,6.06,6.11,6.11,206100.0
901,2019-07-02,6.1,6.2,6.07,6.07,6.07,46300.0
902,2019-07-03,6.1,6.14,5.8,5.9,5.9,280413.0
903,2019-07-04,5.96,5.96,5.85,5.91,5.91,23800.0
904,2019-07-05,5.82,5.93,5.82,5.85,5.85,115750.0
905,2019-07-08,5.89,5.94,5.83,5.88,5.88,98603.0
906,2019-07-09,5.84,6.1,5.82,5.9,5.9,221401.0
907,2019-07-10,5.9,5.95,5.84,5.86,5.86,43100.0
908,2019-07-11,5.98,5.98,5.83,5.88,5.88,48401.0
909,2019-07-12,5.89,5.9,5.54,5.76,5.76,778888.0
910,2019-07-15,5.8,6.01,5.69,5.89,5.89,306604.0
911,2019-07-16,5.9,5.97,5.83,5.87,5.87,54500.0
912,2019-07-17,5.84,6.02,5.8,5.85,5.85,98300.0
913,2019-07-18,5.89,6.0,5.8,5.89,5.89,73700.0
914,2019-07-19,5.91,6.05,5.87,5.98,5.98,319900.0
915,2019-07-22,5.97,5.99,5.89,5.89,5.89,37400.0
916,2019-07-23,5.9,6.05,5.89,5.89,5.89,47700.0
917,2019-07-24,5.91,5.91,5.83,5.84,5.84,88260.0
918,2019-07-25,5.83,5.91,5.71,5.72,5.72,299500.0
919,2019-07-26,5.75,5.83,5.68,5.76,5.76,788100.0
920,2019-07-29,5.8,5.86,5.5,5.66,5.66,1058100.0
921,2019-07-30,5.7,5.78,5.58,5.62,5.62,124702.0
922,2019-07-31,5.59,5.75,5.56,5.57,5.57,699300.0
923,2019-08-01,5.56,5.63,5.51,5.52,5.52,254700.0
924,2019-08-02,5.56,5.62,5.45,5.48,5.48,316539.0
925,2019-08-05,5.55,5.56,5.46,5.49,5.49,290801.0
926,2019-08-06,5.51,5.52,5.41,5.45,5.45,139800.0
927,2019-08-07,5.51,5.56,5.43,5.44,5.44,158200.0
928,2019-08-08,5.46,5.6,5.46,5.51,5.51,57400.0
929,2019-08-09,5.51,5.56,5.45,5.46,5.46,189201.0
930,2019-08-12,5.52,5.7,5.46,5.62,5.62,164200.0
931,2019-08-13,5.6,5.68,5.59,5.6,5.6,57700.0
932,2019-08-14,5.6,5.68,5.49,5.54,5.54,182204.0
933,2019-08-15,5.51,5.54,5.45,5.48,5.48,172301.0
934,2019-08-16,5.48,5.5,5.41,5.5,5.5,31400.0
935,2019-08-19,5.48,5.55,5.46,5.5,5.5,28400.0
936,2019-08-20,5.51,5.56,5.47,5.48,5.48,43700.0
937,2019-08-21,5.48,5.51,5.4,5.43,5.43,275906.0
938,2019-08-22,5.46,5.57,5.42,5.5,5.5,138605.0
939,2019-08-23,5.47,5.61,5.47,5.54,5.54,143200.0
940,2019-08-26,5.6,5.6,5.51,5.53,5.53,18800.0
941,2019-08-27,5.53,5.64,5.52,5.56,5.56,112300.0
942,2019-08-28,5.6,5.62,5.54,5.56,5.56,101600.0
943,2019-08-29,5.59,5.67,5.55,5.56,5.56,497800.0
944,2019-08-30,5.6,5.6,5.51,5.57,5.57,144401.0
945,2019-09-02,5.58,5.62,5.42,5.46,5.46,366400.0
946,2019-09-03,5.49,5.54,5.45,5.5,5.5,71900.0
947,2019-09-04,5.54,5.65,5.54,5.55,5.55,101748.0
948,2019-09-05,5.63,5.84,5.46,5.66,5.66,1270800.0
949,2019-09-06,5.66,5.69,5.55,5.58,5.58,240900.0
950,2019-09-09,5.6,5.65,5.55,5.6,5.6,115700.0
951,2019-09-10,5.62,5.64,5.55,5.59,5.59,100800.0
952,2019-09-11,5.64,5.64,5.53,5.55,5.55,310700.0
953,2019-09-12,5.59,5.6,5.56,5.59,5.59,210400.0
954,2019-09-13,5.55,5.63,5.53,5.6,5.6,429100.0
955,2019-09-16,5.59,5.62,5.5,5.54,5.54,222000.0
956,2019-09-17,5.52,5.57,5.51,5.51,5.51,288900.0
957,2019-09-18,5.54,5.55,5.51,5.52,5.52,211900.0
958,2019-09-19,5.55,5.56,5.49,5.5,5.5,764800.0
959,2019-09-20,5.55,5.56,5.51,5.51,5.51,33701.0
960,2019-09-23,5.5,5.56,5.47,5.54,5.54,53400.0
961,2019-09-24,5.55,5.66,5.52,5.55,5.55,317500.0
962,2019-09-25,5.54,5.65,5.54,5.63,5.63,140201.0
963,2019-09-26,5.6,5.64,5.57,5.6,5.6,239701.0
964,2019-09-27,5.6,5.6,5.55,5.58,5.58,116301.0
965,2019-09-30,5.62,5.7,5.56,5.6,5.6,844800.0
966,2019-10-01,5.58,5.82,5.55,5.64,5.64,1876100.0
967,2019-10-02,5.7,5.7,5.51,5.55,5.55,945400.0
968,2019-10-03,5.56,5.66,5.54,5.63,5.63,368100.0
969,2019-10-04,5.63,5.77,5.55,5.6,5.6,154904.0
970,2019-10-07,5.63,5.93,5.6,5.71,5.71,1068500.0
971,2019-10-08,5.75,6.0,5.73,5.78,5.78,237600.0
972,2019-10-09,5.76,5.8,5.72,5.79,5.79,109200.0
973,2019-10-10,5.8,5.8,5.72,5.75,5.75,222800.0
974,2019-10-11,5.72,5.78,5.66,5.66,5.66,254310.0
975,2019-10-14,5.73,5.73,5.6,5.67,5.67,102100.0
976,2019-10-15,5.62,5.71,5.62,5.69,5.69,184319.0
977,2019-10-16,5.68,5.72,5.62,5.7,5.7,601800.0
978,2019-10-17,5.72,5.72,5.65,5.69,5.69,19300.0
979,2019-10-18,5.72,5.72,5.62,5.65,5.65,54900.0
980,2019-10-21,5.63,5.64,5.55,5.56,5.56,1057000.0
981,2019-10-22,5.61,5.62,5.55,5.58,5.58,179701.0
982,2019-10-23,5.6,5.62,5.55,5.56,5.56,206200.0
983,2019-10-24,5.58,5.63,5.55,5.58,5.58,282400.0
984,2019-10-25,5.57,5.6,5.45,5.5,5.5,1012507.0
985,2019-10-28,5.52,7.4,5.52,6.38,6.38,4622900.0
986,2019-10-29,6.4,6.46,5.93,5.95,5.95,1561300.0
987,2019-10-30,6.01,6.56,5.86,6.48,6.48,1419000.0
988,2019-10-31,6.4,6.5,6.16,6.36,6.36,560380.0
989,2019-11-01,6.34,6.65,6.31,6.47,6.47,1192900.0
990,2019-11-05,6.47,6.68,6.4,6.53,6.53,613701.0
991,2019-11-06,6.52,6.7,6.44,6.67,6.67,188300.0
992,2019-11-07,6.6,6.79,6.6,6.78,6.78,1174335.0
993,2019-11-08,6.66,7.5,6.66,7.24,7.24,1785800.0
994,2019-11-11,7.24,7.97,7.2,7.95,7.95,2314500.0
995,2019-11-12,7.97,8.66,7.51,7.79,7.79,1597800.0
996,2019-11-13,7.8,8.14,7.51,7.61,7.61,494500.0
997,2019-11-14,7.68,7.79,7.32,7.45,7.45,307200.0
998,2019-11-15,7.6,7.7,7.51,7.52,7.52,140900.0
999,2019-11-18,7.5,7.7,7.5,7.66,7.66,216400.0
1000,2019-11-19,7.71,7.75,7.5,7.67,7.67,108800.0
1001,2019-11-20,7.68,7.75,7.62,7.68,7.68,68400.0
1002,2019-11-21,7.64,7.82,7.56,7.6,7.6,250100.0
1003,2019-11-22,7.71,7.75,7.6,7.6,7.6,57000.0
1004,2019-11-25,7.56,8.08,7.53,7.89,7.89,689500.0
1005,2019-11-26,8.0,8.0,7.75,7.92,7.92,155800.0
1006,2019-11-27,7.98,8.0,7.56,7.93,7.93,326109.0
1007,2019-11-28,7.95,7.96,7.75,7.8,7.8,329200.0
1008,2019-11-29,7.76,7.79,7.67,7.77,7.77,144100.0
1009,2019-12-02,7.7,7.83,7.7,7.8,7.8,55200.0
1010,2019-12-03,7.77,7.8,7.57,7.69,7.69,167401.0
1011,2019-12-04,7.74,7.77,7.59,7.69,7.69,130100.0
1012,2019-12-05,7.69,7.69,7.5,7.63,7.63,206000.0
1013,2019-12-06,7.56,7.8,7.56,7.77,7.77,216200.0
1014,2019-12-09,7.86,7.89,7.74,7.84,7.84,224100.0
1015,2019-12-10,7.88,7.89,7.72,7.79,7.79,295402.0
1016,2019-12-11,7.78,7.88,7.7,7.79,7.79,150600.0
1017,2019-12-12,7.74,7.8,7.68,7.79,7.79,145704.0
1018,2019-12-13,7.84,7.88,7.74,7.83,7.83,107701.0
1019,2019-12-16,7.88,9.0,7.81,8.03,8.03,2231150.0
1020,2019-12-17,8.28,8.38,8.16,8.27,8.27,808800.0
1021,2019-12-18,8.27,8.75,8.1,8.72,8.72,4356503.0
1022,2019-12-19,8.74,9.7,8.74,9.36,9.36,6870200.0
1023,2019-12-20,9.48,9.69,9.01,9.14,9.14,3439800.0
1024,2019-12-23,9.15,9.52,9.14,9.3,9.3,3158700.0
1025,2019-12-24,9.42,9.47,9.28,9.3,9.3,1879403.0
1026,2019-12-25,9.35,9.35,9.06,9.07,9.07,1650500.0
1027,2019-12-26,9.2,9.49,9.19,9.23,9.23,4879650.0
1028,2019-12-27,9.34,9.39,9.13,9.28,9.28,1067000.0
1029,2019-12-30,9.48,9.49,8.6,8.81,8.81,7568200.0
1030,2020-01-03,8.8,9.0,8.75,8.88,8.88,1266100.0
1031,2020-01-06,8.9,8.95,8.79,8.82,8.82,1031122.0
1032,2020-01-08,8.83,8.83,8.2,8.36,8.36,2920005.0
1033,2020-01-09,8.21,8.45,8.11,8.37,8.37,2893301.0
1034,2020-01-10,8.42,8.46,8.27,8.31,8.31,923200.0
1035,2020-01-13,8.35,9.0,8.22,8.83,8.83,4077000.0
1036,2020-01-14,8.99,9.05,8.53,8.6,8.6,2367100.0
1037,2020-01-15,8.61,8.72,8.43,8.45,8.45,918100.0
1038,2020-01-16,8.52,8.55,8.4,8.46,8.46,1119600.0
1039,2020-01-17,8.4,8.53,8.4,8.45,8.45,1086500.0
1040,2020-01-20,8.48,8.48,8.32,8.38,8.38,1307505.0
1041,2020-01-21,8.36,8.41,8.3,8.32,8.32,841003.0
1042,2020-01-22,8.37,8.38,8.11,8.17,8.17,1530419.0
1043,2020-01-23,8.3,8.71,8.24,8.39,8.39,8038105.0
1044,2020-01-24,8.47,9.03,8.41,8.8,8.8,7716500.0
1045,2020-01-27,8.79,8.97,8.2,8.5,8.5,4565400.0
1046,2020-01-28,8.5,8.63,8.26,8.59,8.59,2092100.0
1047,2020-01-29,8.68,8.8,8.38,8.67,8.67,1614000.0
1048,2020-01-30,8.65,8.7,8.51,8.58,8.58,714800.0
1049,2020-01-31,8.64,8.7,8.53,8.6,8.6,928110.0
1050,2020-02-03,8.62,8.63,8.45,8.47,8.47,752601.0
1051,2020-02-04,8.57,8.62,8.46,8.6,8.6,665535.0
1052,2020-02-05,8.6,8.7,8.52,8.61,8.61,684100.0
1053,2020-02-06,8.64,8.7,8.61,8.64,8.64,491200.0
1054,2020-02-07,8.67,9.39,8.6,8.88,8.88,6953700.0
1055,2020-02-10,9.09,9.16,8.88,8.99,8.99,1415239.0
1056,2020-02-11,9.02,9.03,8.9,8.96,8.96,699100.0
1057,2020-02-12,9.0,9.0,8.89,8.9,8.9,1149310.0
1058,2020-02-13,8.95,9.04,8.8,8.8,8.8,1816500.0
1059,2020-02-14,8.85,9.03,8.8,8.9,8.9,1308700.0
1060,2020-02-17,9.02,9.09,8.92,8.95,8.95,1243000.0
1061,2020-02-18,8.94,8.98,8.81,8.88,8.88,920409.0
1062,2020-02-19,8.93,8.93,8.8,8.86,8.86,433200.0
1063,2020-02-20,8.9,8.94,8.8,8.84,8.84,1126100.0
1064,2020-02-21,8.8,8.88,8.7,8.75,8.75,1303900.0
1065,2020-02-25,8.7,8.76,8.42,8.6,8.6,1095100.0
1066,2020-02-26,8.58,8.6,7.79,8.38,8.38,3308900.0
1067,2020-02-27,8.38,8.38,8.0,8.0,8.0,1747910.0
1068,2020-02-28,8.0,8.02,6.9,7.07,7.07,6787710.0
1069,2020-03-02,7.2,7.77,6.8,7.0,7.0,2062213.0
1070,2020-03-03,7.3,7.49,7.07,7.37,7.37,961900.0
1071,2020-03-04,7.3,7.48,6.96,7.24,7.24,811400.0
1072,2020-03-05,7.25,7.46,7.05,7.17,7.17,811902.0
1073,2020-03-06,7.18,7.18,6.8,6.99,6.99,1513618.0
1074,2020-03-10,6.48,6.95,5.6,6.7,6.7,1671600.0
1075,2020-03-11,6.83,6.9,6.5,6.59,6.59,787600.0
1076,2020-03-12,6.04,6.28,5.66,5.66,5.66,1853100.0
1077,2020-03-17,5.48,5.53,4.98,5.08,5.08,1161920.0
1078,2020-03-18,4.91,4.95,4.63,4.71,4.71,797400.0
1079,2020-03-19,4.61,4.98,4.61,4.88,4.88,852900.0
1080,2020-03-20,5.05,5.72,4.9,4.9,4.9,2416399.0
1081,2020-03-23,4.77,5.38,4.62,5.13,5.13,1004800.0
1082,2020-03-24,5.15,6.0,5.1,5.51,5.51,2056810.0
1083,2020-03-25,5.6,6.0,5.32,5.64,5.64,2017300.0
1084,2020-03-26,5.5,5.9,5.05,5.73,5.73,722900.0
1085,2020-03-27,5.75,5.75,5.49,5.64,5.64,591600.0
1086,2020-03-30,5.51,5.75,5.3,5.59,5.59,475600.0
1087,2020-03-31,5.69,5.88,5.66,5.74,5.74,549900.0
1088,2020-04-01,5.72,6.5,5.61,5.97,5.97,1790400.0
1089,2020-04-02,6.03,7.0,6.03,6.54,6.54,4247323.0
1090,2020-04-03,6.68,6.95,6.55,6.74,6.74,2623261.0
1091,2020-04-06,6.76,6.89,6.67,6.75,6.75,712200.0
1092,2020-04-07,6.84,6.92,6.54,6.59,6.59,1568100.0
1093,2020-04-08,6.6,6.66,6.3,6.55,6.55,478156.0
1094,2020-04-09,6.66,6.78,6.52,6.67,6.67,923001.0
1095,2020-04-10,6.67,7.18,6.66,7.08,7.08,1569100.0
1096,2020-04-13,6.94,7.16,6.67,6.8,6.8,1633600.0
1097,2020-04-14,6.88,6.9,6.54,6.56,6.56,1254900.0
1098,2020-04-15,6.55,6.56,6.03,6.12,6.12,2420600.0
1099,2020-04-16,6.15,6.31,6.03,6.21,6.21,2368700.0
1100,2020-04-17,6.31,6.37,6.07,6.22,6.22,1484901.0
1101,2020-04-20,6.2,6.35,6.17,6.35,6.35,973215.0
1102,2020-04-21,6.19,6.35,5.93,6.18,6.18,1825810.0
1103,2020-04-22,6.15,6.25,6.08,6.16,6.16,1748100.0
1104,2020-04-23,6.28,6.3,6.12,6.22,6.22,624848.0
1105,2020-04-24,6.16,6.74,6.16,6.32,6.32,1458500.0
1106,2020-04-27,6.48,6.52,6.2,6.38,6.38,984905.0
1107,2020-04-28,6.37,6.42,6.2,6.24,6.24,1303500.0
1108,2020-04-29,6.3,6.38,6.27,6.35,6.35,602901.0
1109,2020-04-30,6.37,6.5,6.33,6.44,6.44,741001.0
1110,2020-05-04,6.3,6.59,6.3,6.37,6.37,553800.0
1111,2020-05-05,6.31,6.6,6.3,6.54,6.54,979500.0
1112,2020-05-06,6.55,6.66,6.51,6.58,6.58,787600.0
1113,2020-05-07,6.5,6.62,6.5,6.6,6.6,403000.0
1114,2020-05-08,6.58,6.58,6.45,6.51,6.51,562500.0
1115,2020-05-12,6.51,6.52,6.39,6.5,6.5,701101.0
1116,2020-05-13,6.42,6.49,6.34,6.41,6.41,297800.0
1117,2020-05-14,6.42,6.42,6.3,6.36,6.36,435100.0
1118,2020-05-15,6.4,6.4,6.28,6.31,6.31,208503.0
1119,2020-05-18,6.31,6.95,6.31,6.6,6.6,1663900.0
1120,2020-05-19,6.7,6.7,6.61,6.65,6.65,253504.0
1121,2020-05-20,6.68,6.72,6.46,6.66,6.66,1218500.0
1122,2020-05-21,6.66,6.71,6.61,6.68,6.68,380101.0
1123,2020-05-22,6.61,6.8,6.6,6.79,6.79,572300.0
1124,2020-05-25,6.79,7.19,6.79,7.14,7.14,1746900.0
1125,2020-05-26,7.07,7.33,6.84,7.0,7.0,1589700.0
1126,2020-05-27,7.12,7.14,6.94,7.1,7.1,1112120.0
1127,2020-05-28,7.15,7.29,6.98,7.22,7.22,999200.0
1128,2020-05-29,7.23,7.24,7.09,7.17,7.17,445200.0
1129,2020-06-01,7.2,7.36,7.11,7.36,7.36,1007900.0
1130,2020-06-02,7.38,7.8,7.34,7.59,7.59,2854501.0
1131,2020-06-03,7.62,7.81,7.51,7.75,7.75,1237303.0
1132,2020-06-04,7.72,7.79,7.63,7.65,7.65,859447.0
1133,2020-06-05,7.57,7.77,7.39,7.77,7.77,610700.0
1134,2020-06-08,7.59,8.0,7.59,7.85,7.85,774610.0
1135,2020-06-09,7.79,8.0,7.4,7.57,7.57,1139722.0
1136,2020-06-10,7.69,7.75,7.21,7.38,7.38,830402.0
1137,2020-06-11,7.27,7.36,6.8,7.0,7.0,6495910.0
1138,2020-06-15,6.82,7.19,6.82,7.06,7.06,1055681.0
1139,2020-06-16,7.19,7.7,7.12,7.3,7.3,2044907.0
1140,2020-06-17,7.47,7.47,7.03,7.12,7.12,1094708.0
1141,2020-06-18,7.19,7.2,7.05,7.13,7.13,453604.0
1142,2020-06-19,7.16,7.35,7.16,7.26,7.26,658900.0
1143,2020-06-22,7.38,7.38,7.16,7.27,7.27,188000.0
1144,2020-06-23,7.3,7.35,7.19,7.27,7.27,708218.0
1145,2020-06-25,7.21,7.27,7.07,7.2,7.2,624501.0
1146,2020-06-26,7.29,7.29,7.21,7.25,7.25,615170.0
1147,2020-06-29,7.2,7.44,7.16,7.39,7.39,1180501.0
1148,2020-06-30,7.3,7.39,7.22,7.33,7.33,693402.0
1149,2020-07-02,7.31,7.36,7.22,7.27,7.27,541802.0
1150,2020-07-03,7.28,7.34,7.24,7.28,7.28,471301.0
1151,2020-07-06,7.3,7.39,6.88,7.34,7.34,1685204.0
1152,2020-07-07,7.42,7.59,7.29,7.39,7.39,317209.0
1153,2020-07-08,7.32,7.45,7.32,7.45,7.45,346601.0
1154,2020-07-09,7.47,7.54,7.4,7.48,7.48,400901.0
1155,2020-07-10,7.43,7.68,7.38,7.58,7.58,340420.0
1156,2020-07-13,7.65,7.84,7.52,7.77,7.77,1058401.0
1157,2020-07-14,7.62,7.7,7.46,7.57,7.57,1258300.0
1158,2020-07-15,7.46,7.68,7.45,7.6,7.6,1336707.0
1159,2020-07-16,7.68,7.7,7.53,7.57,7.57,890800.0
1160,2020-07-17,7.54,7.62,7.5,7.54,7.54,1416212.0
1161,2020-07-20,7.6,7.71,7.55,7.69,7.69,1218078.0
1162,2020-07-21,7.7,7.94,7.7,7.82,7.82,1957341.0
1163,2020-07-22,7.82,7.91,7.77,7.83,7.83,227104.0
1164,2020-07-23,7.86,7.86,7.62,7.67,7.67,831219.0
1165,2020-07-24,7.78,7.78,7.59,7.72,7.72,507901.0
1166,2020-07-27,7.57,7.8,7.57,7.72,7.72,639401.0
1167,2020-07-28,7.67,7.81,7.67,7.72,7.72,751003.0
1168,2020-07-29,7.67,7.87,7.67,7.77,7.77,503539.0
1169,2020-07-30,7.78,7.78,7.63,7.69,7.69,1194203.0
1170,2020-07-31,7.65,7.71,7.6,7.61,7.61,303903.0
1171,2020-08-03,7.73,7.73,7.5,7.68,7.68,750603.0
1172,2020-08-04,7.6,7.7,7.58,7.65,7.65,546900.0
1173,2020-08-05,7.61,7.7,7.6,7.62,7.62,516601.0
1174,2020-08-06,7.57,7.7,7.57,7.68,7.68,1132501.0
1175,2020-08-07,7.67,7.68,7.48,7.62,7.62,455200.0
1176,2020-08-10,7.61,7.67,7.53,7.58,7.58,846101.0
1177,2020-08-11,7.66,7.68,7.55,7.59,7.59,287701.0
1178,2020-08-12,7.5,7.58,7.5,7.53,7.53,358350.0
1179,2020-08-13,7.5,7.7,7.47,7.61,7.61,614222.0
1180,2020-08-14,7.59,7.68,7.52,7.62,7.62,449900.0
1181,2020-08-17,7.58,7.69,7.48,7.64,7.64,1147427.0
1182,2020-08-18,7.64,7.74,7.59,7.62,7.62,1115101.0
1183,2020-08-19,7.6,7.67,7.56,7.66,7.66,296701.0
1184,2020-08-20,7.56,7.61,7.56,7.59,7.59,259601.0
1185,2020-08-21,7.58,7.8,7.5,7.56,7.56,1127200.0
1186,2020-08-24,7.62,7.75,7.56,7.67,7.67,261804.0
1187,2020-08-25,7.65,7.69,7.56,7.65,7.65,334705.0
1188,2020-08-26,7.61,7.67,7.58,7.63,7.63,219940.0
1189,2020-08-27,7.6,7.64,7.52,7.61,7.61,502802.0
1190,2020-08-28,7.62,7.62,7.56,7.58,7.58,114404.0
1191,2020-08-31,7.57,7.61,7.0,7.58,7.58,831492.0
1192,2020-09-01,7.56,7.61,7.5,7.58,7.58,612000.0
1193,2020-09-02,7.52,8.19,7.52,7.67,7.67,4219715.0
1194,2020-09-03,7.67,7.94,7.63,7.69,7.69,1884451.0
1195,2020-09-04,7.79,7.79,7.59,7.6,7.6,263860.0
1196,2020-09-07,7.6,7.67,7.48,7.59,7.59,467602.0
1197,2020-09-08,7.6,7.61,7.3,7.45,7.45,615500.0
1198,2020-09-09,7.5,7.79,7.38,7.65,7.65,1408711.0
1199,2020-09-10,7.67,8.12,7.67,7.98,7.98,3354318.0
1200,2020-09-11,8.08,8.6,7.86,8.26,8.26,5056901.0
1201,2020-09-14,8.4,8.4,8.0,8.12,8.12,1154702.0
1202,2020-09-15,8.12,8.49,8.04,8.14,8.14,2713260.0
1203,2020-09-16,8.5,8.87,8.45,8.65,8.65,6057703.0
1204,2020-09-17,8.65,9.88,8.65,9.88,9.88,12338449.0
1205,2020-09-21,9.5,9.5,9.0,9.02,9.02,2983402.0
1206,2020-09-22,9.01,9.46,9.01,9.3,9.3,2526813.0
1207,2020-09-23,9.33,9.33,9.0,9.04,9.04,1959301.0
1208,2020-09-24,9.09,9.09,8.51,8.8,8.8,3023205.0
1209,2020-09-25,8.8,8.8,8.4,8.5,8.5,3088850.0
1210,2020-09-28,8.63,8.82,8.25,8.75,8.75,2654101.0
1211,2020-09-29,8.75,9.36,8.74,9.25,9.25,5045903.0
1212,2020-09-30,9.07,9.65,9.07,9.34,9.34,3064502.0
1213,2020-10-01,9.22,9.75,9.12,9.45,9.45,3425825.0
1214,2020-10-02,9.32,9.4,9.09,9.25,9.25,1856510.0
1215,2020-10-05,9.24,10.2,9.13,9.98,9.98,5972802.0
1216,2020-10-06,10.15,11.5,10.15,10.65,10.65,10466510.0
1217,2020-10-07,10.79,11.0,10.24,10.31,10.31,2312268.0
1218,2020-10-08,10.35,10.53,9.94,10.24,10.24,1680060.0
1219,2020-10-09,10.14,10.56,9.91,10.19,10.19,1411502.0
1220,2020-10-12,10.17,10.54,9.94,10.52,10.52,1460225.0
1221,2020-10-13,10.52,10.6,10.26,10.31,10.31,835012.0
1222,2020-10-14,10.34,10.48,10.16,10.41,10.41,955601.0
1223,2020-10-19,10.25,10.29,10.03,10.19,10.19,457220.0
1224,2020-10-20,10.18,10.27,10.14,10.2,10.2,853745.0
1225,2020-10-21,10.2,10.32,10.05,10.13,10.13,295510.0
1226,2020-10-22,10.18,10.18,9.63,9.91,9.91,1327514.0
1227,2020-10-23,9.91,10.0,9.57,9.83,9.83,1049001.0
1228,2020-10-26,9.83,9.9,9.5,9.84,9.84,1342710.0
1229,2020-10-27,9.82,9.93,9.68,9.8,9.8,1119503.0
1230,2020-10-28,9.72,9.8,9.0,9.1,9.1,1931005.0
1231,2020-10-29,9.05,9.43,8.95,9.28,9.28,1258901.0
1232,2020-10-30,9.11,9.77,9.03,9.54,9.54,2070317.0
1233,2020-11-02,9.59,9.71,9.31,9.43,9.43,421400.0
1234,2020-11-03,9.49,9.86,9.49,9.77,9.77,821200.0
1235,2020-11-05,9.87,10.12,9.81,10.0,10.0,1100801.0
1236,2020-11-06,9.9,10.15,9.9,10.12,10.12,747706.0
1237,2020-11-09,10.12,10.48,10.01,10.01,10.01,1063647.0
1238,2020-11-10,10.09,10.18,9.94,10.13,10.13,886101.0
1239,2020-11-11,10.18,10.47,10.17,10.3,10.3,1396129.0
1240,2020-11-12,10.35,10.5,10.01,10.28,10.28,969302.0
1241,2020-11-13,10.21,10.45,10.12,10.35,10.35,644004.0
1242,2020-11-16,10.34,10.39,10.17,10.32,10.32,549301.0
1243,2020-11-17,10.27,11.0,10.27,10.62,10.62,2350914.0
1244,2020-11-18,10.65,11.0,10.64,10.98,10.98,1354403.0
1245,2020-11-19,10.84,11.78,10.75,11.67,11.67,2671927.0
1246,2020-11-20,11.76,12.5,11.76,12.15,12.15,6570584.0
1247,2020-11-23,12.19,12.4,11.66,11.78,11.78,2472421.0
